104.428,2199,2320,1
118.88,2084,10620,1
108.798,2287,721,1
110.572,2053,651,1
152.046,1899,6018,1
156.227,2316,460,1
108.827,2369,1199,1
111.201,1991,1508,1
109.817,2325,728,1
164.668,1955,10962,1
108.948,2228,1144,1
145.175,2249,7788,1
72.605,793,3366,1
157.217,2993,596,1
153.431,2262,11200,1
107.061,2311,1155,1
105.574,2321,1582,1
117.059,2294,4257,1
106.281,2510,1254,1
166.287,2166,7590,1
93.204,2588,2025,1
61.961,30022,4980,0
151.738,2143,882,1
104.641,1842,581,1
101.609,2179,2277,1
101.587,1931,2037,1
116.819,2098,3852,1
143.581,1914,6950,1
152.076,2331,464,1
61.299,1842,101,1
59.036,1907,570,1
87.511,2159,2266,1
59.051,1929,425,1
59.026,1821,332,1
57.231,708,891,1
57.172,918,516,1
57.35,706,175,1
59.215,1961,1288,1
59.022,2027,534,1
57.256,700,1404,1
84.959,1990,1960,1
59.055,2061,1152,1
73.653,2195,232,1
88.121,2214,832,1
73.857,1936,204,1
59.047,1980,218,1
57.825,706,198,1
80.313,2260,963,1
68.339,2422,333,1
103.036,2206,2553,1
59.057,1945,111,1
81.609,1999,9000,1
66.085,753,122148,1
59.095,1772,1513,1
59.059,2081,196,1
58.539,736,416,1
58.667,530,33402,1
87.854,2145,1802,1
67.68,1852,1786,1
96.969,2095,1836,1
74.598,2107,222,1
59.035,1874,285,1
94.819,2204,900,1
74.24,2138,4576,1
66.052,2381,8526,1
59.309,1993,1330,1
59.26,1896,164,1
59.231,2167,3500,1
59.232,2219,672,1
82.85,2125,6532,1
66.899,2026,4366,1
59.278,1980,1089,1
59.223,1794,924,1
55.758,691,1444,1
72.586,2121,216,1
100.303,1850,1764,1
59.205,1953,105,1
57.289,944,141678,1
58.91,1995,288,1
55.59,858,480,1
55.237,720,408,1
54.969,730,192,1
63.031,2472,3456,1
61.751,2123,4469,1
59.3,2183,3348,1
54.78,716,396,1
88.675,1973,1520,1
59.138,2076,1164,1
69.39,2959,312,1
78.263,1790,2016,1
78.432,2110,10325,1
55.613,834,468,1
58.573,2168,1212,1
59.014,2204,1236,1
57.552,2141,190,1
72.85,1953,2254,1
58.776,1885,420,1
56.993,2129,285,1
73.864,2112,525,1
57.185,1938,172,1
58.21,2639,1488,1
59.355,1917,2400,1
57.655,1959,1068,1
50.701,740,68,1
56.214,3082,1072,1
67.885,2236,927,1
59.285,2069,1344,1
57.74,2190,576,1
50.828,746,1763,1
59.294,2177,3968,1
59.308,2008,1316,1
67.182,2008,10200,1
58.551,1941,1092,1
63.31,2250,238,1
63.778,2655,280,1
73.937,2106,3364,1
59.575,2291,1236,1
86.746,1974,1940,1
59.216,2162,354,1
59.528,2239,1881,1
73.553,2052,186,1
74.192,2154,1260,1
58.679,2203,232,1
59.657,2020,1656,1
58.142,2070,1164,1
77.856,2133,1872,1
59.408,2219,2938,1
59.385,2042,2704,1
59.437,2044,2600,1
58.959,2319,1122,1
60.114,2611,3225,1
59.536,2225,2121,1
55.416,3614,652,1
50.535,722,408,1
59.368,1841,913,1
57.443,2153,1746,1
55.954,1874,190,1
57.205,2140,244,1
53.811,908,241200,1
75.924,1983,2140,1
62.632,2535,5811,1
59.8,1924,2392,1
65.013,2149,4114,1
59.423,2106,651,1
54.417,1962,696,1
78.536,1966,1740,1
54.675,2119,531,1
59.766,2073,4387,1
56.557,1995,1116,1
55.368,2524,630,1
58.857,2182,270,1
60.308,2007,2891,1
59.046,2023,1836,1
86.407,2288,236,1
54.2,613,67450,1
59.119,1930,3876,1
59.103,2088,1635,1
59.089,1889,946,1
59.383,1872,1936,1
54.635,717,495,1
58.972,2208,182,1
59.095,2113,1133,1
77.778,2207,2014,1
82.712,3170,3612,1
59.208,30002,10544,0
81.603,2906,3129,1
58.972,2068,1068,1
59.233,2025,333,1
59.115,2092,1843,1
59.066,2156,71,1
56.341,716,264,1
68.183,2623,1331,1
72.989,2106,220,1
59.114,1858,486,1
59.01,1969,326,1
57.049,715,560,1
82.96,2075,4644,1
59.118,2019,1128,1
59.403,1794,1218,1
56.971,708,396,1
68.867,3247,7410,1
61.191,823,123234,1
82.395,2224,3520,1
59.067,1870,252,1
64.78,2032,2024,1
57.449,865,215,1
62.84,2123,2700,1
59.316,694,110208,1
57.326,720,99,1
59.063,2070,658,1
71.707,1897,6490,1
83.93,2198,10738,1
90.937,2453,1000,1
59.096,2023,2968,1
85.772,2170,900,1
60.652,1875,2500,1
58.045,734,416,1
65.005,2232,2736,1
84.684,2147,1020,1
59.07,30013,13440,0
59.076,1852,1044,1
74.009,1934,196,1
75.827,2550,4292,1
80.726,2195,2420,1
74.503,1910,198,1
71.904,1956,1320,1
86.391,2519,2480,1
61.904,721,850,1
72.589,2117,3844,1
59.059,1924,1632,1
59.025,2141,360,1
59.039,1773,76,1
57.756,724,374,1
73.933,1816,215358,1
58.402,673,912,1
59.03,1633,84,1
60.267,2115,1836,1
58.286,706,363,1
71.876,1947,828,1
59.021,1791,395,1
58.891,523,55545,1
65.861,3400,5130,1
59.03,2039,388,1
59.679,2074,2156,1
65.612,1960,2500,1
65.944,2186,945,1
76.942,1981,2205,1
59.035,30006,8058,0
59.046,1954,1092,1
73.797,2207,4681,1
59.038,1819,93,1
58.928,996,1176,1
58.62,695,144,1
72.812,2398,4392,1
59.024,1838,178,1
58.816,716,363,1
58.834,729,124,1
86.606,2262,970,1
102.753,2101,261,1
59.358,30003,16247,0
57.146,706,396,1
58.02,836,198315,1
59.316,2067,161,1
56.292,730,170,1
59.142,2110,508,1
55.821,671,1353,1
75.98,2183,7560,1
59.286,2011,1128,1
58.87,2145,327,1
60.623,1858,2325,1
60.761,1934,1395,1
54.692,830,245,1
59.336,1818,2425,1
54.817,681,74,1
59.99,2040,1635,1
60.073,1915,2392,1
59.343,2137,1236,1
81.056,2380,4440,1
60.871,1995,4332,1
80.315,2036,212,1
58.212,1966,623,1
59.068,2158,480,1
59.157,2133,1944,1
57.417,2368,342,1
51.514,711,136,1
59.135,2183,216,1
57.671,1784,206,1
59.455,1855,2375,1
56.526,2296,226,1
99.7,2264,1378,1
58.77,1947,1092,1
52.19,657,1806,1
59.155,2065,1800,1
50.743,755,105,1
59.302,2095,3675,1
58.112,2290,3036,1
59.13,1941,204,1
72.891,2328,1635,1
65.29,3752,390,1
55.403,2124,107,1
59.017,1826,3150,1
56.076,2199,196,1
58.84,2158,2025,1
73.077,1965,1424,1
57.349,2688,1441,1
58.611,2271,1284,1
77.881,1949,2438,1
58.524,2110,440,1
59.356,2252,721,1
50.135,700,703,1
89.439,1644,281052,1
59.784,30008,37622,0
58.968,2131,847,1
51.425,707,396,1
50.973,708,396,1
59.894,2069,3844,1
56.286,629,2744,1
57.082,4036,1568,1
57.025,2202,339,1
51.396,667,200,1
64.831,5087,5654,1
55.364,2141,776,1
59.623,2085,4392,1
59.967,1884,4070,1
59.457,1930,3840,1
59.839,2042,2592,1
55.929,2432,595,1
58.535,2060,828,1
55.32,1779,96,1
60.201,2222,1498,1
57.288,2206,1540,1
51.875,719,160,1
58.248,2215,3458,1
58.155,2230,465,1
56.813,2203,555,1
58.191,2053,637,1
50.924,722,297,1
55.349,2655,222,1
60.206,2367,1596,1
57.911,2101,1188,1
51.539,691,144,1
55.022,2257,184,1
59.877,2547,4970,1
54.428,2740,185,1
59.438,2191,954,1
73.753,2225,1995,1
84.974,2368,2750,1
59.459,2137,2730,1
48.835,711,105,1
59.691,2185,1010,1
57.75,2275,1287,1
58.749,2266,2088,1
58.3,2006,412,1
49.09,698,140,1
97.54,2231,12960,1
58.181,2297,600,1
59.743,2232,2775,1
57.744,1965,1104,1
50.006,694,700,1
54.879,1915,336,1
75.104,1946,2100,1
72.834,2325,354,1
56.479,1974,1104,1
58.795,2016,1442,1
57.044,1941,470,1
59.302,2212,2080,1
70.296,1972,4445,1
59.568,2013,522,1
56.562,1871,243,1
57.198,1880,1232,1
58.3,1913,1824,1
58.876,1885,946,1
64.699,2192,228,1
54.469,2153,752,1
59.538,2065,6536,1
58.071,2182,1224,1
64.607,3165,6840,1
52.04,727,396,1
64.824,2998,308,1
89.159,2273,1808,1
59.737,30013,65477,0
63.74,2446,258,1
62.88,2648,6080,1
51.952,722,108,1
59.932,2249,2916,1
56.289,2552,819,1
52.17,741,950,1
55.224,4195,86,1
55.891,2086,1683,1
59.857,2212,2808,1
55.895,2069,345,1
48.853,699,144,1
50.233,716,396,1
59.762,2219,2784,1
54.179,554,117351,1
53.483,986,2100,1
56.388,2296,1284,1
54.636,2944,450,1
59.52,2112,2664,1
59.529,2044,344,1
60.079,2121,1442,1
54.855,2531,292,1
48.887,761,612,1
62.998,3814,2715,1
58.153,2221,495,1
54.326,1911,170,1
54.923,2102,291,1
58.853,2250,2912,1
59.772,1964,2475,1
56.915,2047,484,1
55.033,2192,363,1
49.883,726,578,1
50.28,706,396,1
51.16,695,888,1
73.017,1863,2058,1
58.729,2197,2106,1
56.871,2033,2178,1
77.842,1782,12840,1
63.478,2354,248,1
75.503,2344,1199,1
57.718,2219,1284,1
59.64,1722,2646,1
59.303,1963,3016,1
59.535,2011,1615,1
54.124,699,103653,1
85.595,2169,5733,1
59.491,2234,1236,1
58.308,1955,498,1
54.407,1940,1232,1
59.536,1878,2400,1
83.965,1926,4524,1
73.077,1864,4066,1
61.343,2212,3024,1
51.749,698,74,1
54.581,1812,123,1
59.709,2264,1526,1
59.445,1944,1940,1
50.125,708,420,1
53.897,2041,182,1
55.099,1868,510,1
59.593,2015,2575,1
52.435,714,665,1
55.462,2093,1128,1
56.034,2064,1164,1
63.32,3247,342,1
59.48,1924,1032,1
59.819,2543,256,1
57.453,1920,285,1
55.295,1846,170,1
57.939,2125,3306,1
74.154,2244,1904,1
59.439,1989,693,1
49.097,669,40,1
59.637,1920,405,1
54.659,528,74888,1
57.647,2256,678,1
64.516,2119,224,1
63.344,2175,224,1
58.627,2151,784,1
56.14,2022,1140,1
55.45,2268,720,1
51.149,682,1482,1
58.782,2212,81,1
59.524,1826,970,1
58.83,2219,266,1
56.112,2832,1512,1
49.992,712,828,1
53.856,2555,660,1
61.383,3331,1395,1
59.387,1915,1008,1
57.917,2634,3948,1
59.534,2126,4116,1
59.463,1978,1710,1
57.137,2211,1236,1
54.425,1844,142,1
53.724,2174,1760,1
54.276,2018,1302,1
59.677,2063,2565,1
84.062,1995,2664,1
53.991,1860,528,1
57.372,2182,455,1
86.492,2181,936,1
74.062,2199,1590,1
59.736,2165,2688,1
100.939,2320,2684,1
59.598,2151,1442,1
59.488,2045,2575,1
48.31,671,41,1
59.499,1785,968,1
68.04,2363,601772,1
54.959,1851,252,1
59.451,1878,728,1
52.314,970,254082,1
84.664,1916,5032,1
59.884,2172,872,1
51.445,646,1892,1
59.789,2092,2625,1
59.657,2082,2650,1
58.258,2794,2590,1
59.588,1976,2640,1
58.019,2041,455,1
59.147,1896,118,1
80.536,2447,3013,1
58.561,1938,3498,1
54.289,1815,468,1
57.878,2208,460,1
73.855,2304,1443,1
81.57,2108,1872,1
72.412,1947,2619,1
59.863,2250,2782,1
59.225,2220,470,1
58.671,1882,1335,1
56.287,2134,1188,1
48.411,716,420,1
59.711,2036,4032,1
74.693,2108,1235,1
63.19,736,7225,1
78.999,2208,232,1
59.683,2188,2825,1
57.592,2040,960,1
74.716,2010,1045,1
55.382,1924,166,1
55.2,2236,882,1
76.103,1925,433182,1
59.506,2159,396,1
63.25,3483,2067,1
74.342,2107,960,1
72.472,2157,3712,1
56.627,2213,618,1
51.864,698,74,1
56.751,2507,1344,1
54.946,2233,45,1
62.954,2314,3172,1
59.465,2237,1296,1
55.921,1910,1068,1
59.364,2006,1887,1
64.061,2027,214,1
89.286,2197,642,1
57.444,30012,16836,0
59.342,2182,1428,1
59.562,1882,2418,1
67.053,1864,1780,1
57.752,2265,672,1
78.159,1920,1900,1
59.54,2012,2900,1
53.832,518,75858,1
87.816,2311,1365,1
74.702,2123,506542,1
54.013,2196,875,1
55.317,2189,1224,1
54.745,2229,1650,1
55.594,2046,384,1
47.673,698,105,1
49.985,701,74,1
59.576,1845,4445,1
73.377,2239,1391,1
55.16,2294,148,1
56.248,1875,266,1
50.765,704,900,1
74.739,2493,777,1
61.393,2201,4125,1
61.861,2042,1034,1
50.73,716,544,1
90.863,2193,4914,1
55.222,1889,444,1
73.867,1873,800,1
59.435,2061,324,1
54.805,1746,194,1
64.705,2974,314,1
57.351,1829,1960,1
58.256,2073,170,1
48.227,530,62160,1
54.788,2187,777,1
77.327,1934,3630,1
56.064,2103,1176,1
57.935,2247,1272,1
55.129,1836,984,1
86.293,2066,14850,1
75.886,2222,3248,1
50.937,683,190,1
54.719,2501,532,1
51.188,532,131648,1
59.531,2198,2808,1
55.869,2252,1272,1
54.792,1950,609,1
91.614,1914,4329,1
59.484,1908,445,1
62.307,2413,5130,1
54.371,1889,154,1
59.593,2251,972,1
58.878,2001,1862,1
61.132,2363,2646,1
63.513,2606,276,1
59.99,2165,4690,1
55.903,2384,1089,1
57.689,2021,450,1
72.741,2132,1089,1
59.81,2155,2331,1
59.962,2236,4884,1
52.087,823,1032,1
55.951,2182,226,1
56.191,2183,250,1
59.658,1865,3996,1
84.846,2961,2592,1
56.659,2021,1128,1
60.889,2241,1010,1
57.941,1880,1068,1
53.691,2033,524,1
59.863,2047,1632,1
85.724,2206,2944,1
56.222,2361,460,1
51.434,687,792,1
63.693,3072,6942,1
93.554,2512,4727,1
54.962,2212,191,1
73.835,1876,444600,1
58.474,2010,1044,1
74.581,2273,1308,1
97.042,2048,276,1
54.231,700,875,1
56.294,2313,272,1
50.642,704,272,1
69.832,3179,3762,1
68.472,2225,9699,1
54.47,2031,330,1
65.989,1944,2592,1
62.763,2079,3770,1
54.895,2138,133,1
60.015,2160,4590,1
59.505,1897,3944,1
78.069,1997,208,1
57.62,1911,410,1
54.954,1999,404,1
55.365,2760,592,1
74.327,2247,3591,1
51.548,923,1152,1
59.913,1832,2375,1
57.944,2218,3451,1
64.671,2178,230,1
59.456,2154,1326,1
56.183,2626,1452,1
49.153,640,48,1
59.588,2128,2464,1
52.107,709,864,1
56.001,1847,850,1
60.955,2617,3240,1
56.19,1869,139,1
59.316,2099,1768,1
59.007,2521,1360,1
78.212,2166,345,1
56.628,2876,127,1
59.317,1996,2700,1
54.679,1779,1638,1
59.711,2007,3630,1
57.843,1883,1183,1
59.463,2233,420,1
59.275,2586,1008,1
58.529,2080,5069,1
85.662,1971,2323,1
57.407,2018,1425,1
57.274,1894,594,1
59.522,1889,644,1
57.721,2382,805,1
49.146,732,198,1
55.649,2277,1260,1
59.31,1886,1140,1
57.308,2013,78,1
54.001,1805,528,1
73.545,2311,3822,1
55.741,2015,252,1
54.615,2133,351,1
55.307,1769,2160,1
59.489,1865,435,1
60.994,2266,1020,1
63.997,1913,202,1
73.714,2136,1326,1
59.327,1956,1782,1
58.81,2167,2394,1
59.559,2085,408,1
56.07,2725,660,1
76.215,2589,4768,1
51.599,930,78,1
50.529,716,396,1
53.341,1888,166,1
53.989,2227,339,1
59.46,1937,166,1
71.763,2636,1586,1
77.046,1970,1900,1
54.381,1830,186,1
54.828,2346,230,1
50.197,716,544,1
54.978,1905,530,1
58.481,2210,2442,1
86.113,2020,7896,1
54.08,7585,64,1
53.948,2081,440,1
58.953,2149,5084,1
63.022,1950,208,1
54.841,859,137125,1
57.986,1879,368,1
72.308,2170,1616,1
59.92,2193,2750,1
53.887,597,96750,1
56.563,2100,388,1
56.948,2230,2128,1
52.974,571,44726,1
55.158,2012,416,1
54.249,2211,505,1
61.983,2153,3904,1
49.86,701,306,1
72.372,2061,2184,1
54.481,4955,183,1
59.279,2164,1920,1
59.5,2102,545,1
55.131,2362,540,1
60.011,2161,4572,1
72.347,2248,2373,1
54.16,695,149086,1
55.023,2216,792,1
74.671,2019,7696,1
54.575,889,142020,1
52.969,592,92582,1
50.874,691,74,1
58.041,2789,4379,1
76.345,2215,3480,1
89.352,2313,2668,1
58.726,2222,642,1
59.522,2119,3220,1
62.294,2408,5168,1
56.982,1873,504,1
51.369,701,74,1
59.469,1805,902,1
57.508,2319,440,1
49.437,670,615,1
58.697,1990,2400,1
59.534,1943,2475,1
55.17,1721,212,1
59.389,2191,1326,1
75.402,1892,968,1
54.868,1721,112,1
54.157,2020,144,1
62.596,2313,4843,1
54.744,2144,303,1
65.164,2023,10075,1
63.484,2422,256,1
57.384,2147,302,1
63.519,1989,210,1
77.693,2181,234,1
74.695,1770,5382,1
59.604,2172,4625,1
63.616,2330,246,1
64.181,2537,268,1
71.839,1908,1598,1
48.724,691,2000,1
57.926,2305,824,1
59.669,1872,2400,1
54.718,2217,684,1
60.028,1838,1408,1
55.768,2103,1111,1
54.653,2163,266,1
59.31,2217,936,1
71.673,2915,7072,1
56.434,2474,2196,1
55.85,2337,520,1
50.368,614,3009,1
59.243,2225,117,1
59.584,2165,1414,1
59.259,1904,1940,1
57.044,1911,567,1
73.88,2018,1881,1
59.65,2139,3082,1
72.202,2117,855,1
54.458,2340,1469,1
72,2558,1920,1
73.358,2542,2730,1
59.584,1962,2525,1
54.036,2209,196,1
54.644,2314,1456,1
57.934,1766,1530,1
59.563,2061,2184,1
59.374,2205,2247,1
58.212,2186,3277,1
73.384,1739,410286,1
72.632,2316,900,1
57.713,2310,1428,1
59.46,1815,935,1
58.115,2639,5320,1
57.76,2353,1320,1
59.923,2012,2520,1
59.76,1898,4716,1
60.094,1896,2200,1
59.607,2231,2240,1
50.663,692,47,1
52.457,690,98325,1
57.164,2135,339,1
55.976,2434,56,1
59.936,2033,3780,1
55.262,2609,516,1
51.592,665,40,1
54.597,2185,230,1
59.904,2221,4826,1
60.01,1965,4176,1
57.911,2268,1284,1
62.533,2349,4992,1
87.561,2061,2438,1
57.93,1986,744,1
75.527,2076,990,1
58.316,3156,1764,1
59.217,2184,1920,1
63.282,2173,113,1
57.97,2577,1392,1
56.554,2360,1272,1
87.087,2262,8610,1
64.919,1937,204,1
63.591,2116,3864,1
65.305,2250,234,1
54.166,792,984,1
56.496,2336,544,1
92.056,2946,6601,1
56.125,2159,954,1
57.359,3184,1764,1
59.57,2156,4290,1
62.831,2271,4191,1
60.953,2263,1020,1
70.327,2136,2470,1
55.053,2138,535,1
100.093,2006,2369,1
59.614,30019,32428,0
57.735,1950,602,1
56.197,2199,1224,1
59.95,2088,6106,1
51.839,546,89570,1
59.477,1861,1940,1
64.994,3417,360,1
74.929,2182,3480,1
53.388,876,138,1
64.37,2208,234,1
51.42,725,408,1
54.722,1998,837,1
57.621,2519,456,1
59.508,2072,480,1
57.617,3048,4756,1
49.83,667,1482,1
51.726,699,476,1
55.067,2162,416,1
56.778,2821,176,1
50.399,749,315,1
58.783,1956,1710,1
51.077,834,76,1
50.101,668,43,1
51.586,881,74,1
67.158,3650,378,1
52.691,778,272,1
73.698,2125,2354,1
55.9,1853,425,1
56.569,2778,945,1
57.852,1839,1078,1
77.791,2192,4114,1
52.971,833,990,1
57.501,1895,222,1
49.55,667,1025,1
58.33,2037,2484,1
59.598,1816,2178,1
55.61,2236,264,1
72.986,2240,2925,1
59.575,2095,1012,1
50.354,712,340,1
60.363,2059,1400,1
57.69,1928,1056,1
50.277,892,504,1
59.328,1798,870,1
56.18,2069,132,1
54.575,2114,220,1
101.15,2282,1224,1
59.667,1752,2250,1
55.352,2603,162,1
55.065,2044,158,1
86.694,2139,2398,1
54.972,3257,1248,1
56.713,1854,1044,1
73.66,2055,2898,1
58.893,1989,226,1
55.67,1934,91,1
57.438,1914,1056,1
58.938,2046,1428,1
81.247,2015,208,1
58.917,595,139230,1
55.657,2661,155,1
58.805,2199,490,1
51.35,770,819,1
58.813,1992,309,1
59.663,2274,990,1
55.19,2411,220,1
55.245,2129,246,1
99.153,2502,4624,1
57.828,2224,279,1
56.728,2285,1272,1
65.572,3031,320,1
58.214,2245,1272,1
51.421,689,648,1
54.783,1852,316,1
82.625,2215,7661,1
59.639,30001,4480170,0
73.732,2122,4320,1
55.92,2136,178,1
58.265,2206,1248,1
67.443,2199,2415,1
58.102,1913,990,1
48.77,698,74,1
59.588,2115,4140,1
89.301,2374,2737,1
88.713,2038,465,1
56.852,1975,336,1
57.663,2213,1728,1
50.258,715,396,1
57.485,2192,594,1
97.601,2370,10324,1
58.836,1968,3614,1
56.699,2558,960,1
78.904,2132,224,1
73.871,2076,882,1
59.098,1804,285,1
50.32,693,245,1
58.555,2187,1212,1
96.409,2140,1287,1
82.576,1916,728,1
57.169,2006,178,1
58.798,2041,1638,1
59.609,2186,3224,1
56.52,3469,3705,1
57.271,2097,1122,1
51.385,720,76,1
73.646,2204,3108,1
59.37,1778,3456,1
59.519,2190,2616,1
64.465,1896,200,1
53.802,2184,520,1
59.815,2094,2704,1
59.659,2167,1508,1
58.829,1948,3240,1
48.029,677,114,1
51.157,541,81316,1
53.961,1740,111,1
62.244,2525,4608,1
49.176,668,1400,1
59.503,2251,972,1
59.133,1799,979,1
59.476,1869,756,1
61.154,1964,3584,1
78.247,2175,6847,1
59.548,2217,306,1
59.581,1873,3100,1
57.698,2263,520,1
59.601,2316,1696,1
59.798,1904,880,1
55.59,2060,176,1
60.202,2318,1776,1
71.44,1988,4995,1
63.735,2800,296,1
57.708,1910,1032,1
59.691,2268,2880,1
54.27,1905,312,1
54.174,1870,465,1
57.904,2254,1260,1
57.895,3816,2100,1
57.566,2112,558,1
54.884,2194,515,1
77.43,1866,128,1
59.576,1977,2781,1
50.386,788,288,1
58.101,2152,1236,1
75.382,2222,3570,1
56.662,2909,1540,1
50.683,723,510,1
59.651,1837,2340,1
58.187,2240,1260,1
53.212,525,74880,1
53.943,1932,212,1
59.589,2185,4320,1
83.944,2006,3120,1
58.009,1747,616,1
57.842,1997,1128,1
59.404,1790,1305,1
54.588,2108,546,1
71.052,2037,1940,1
59.49,1825,332,1
101.428,2073,5334,1
59.601,2018,644,1
87.669,2010,8946,1
69.878,1986,534,1
55.462,2522,31,1
55.582,2177,1716,1
74.89,2149,5460,1
59.69,2140,238,1
56.056,2525,268,1
86.692,1989,1824,1
59.554,1923,1710,1
59.627,1965,3456,1
64.69,2287,3484,1
56.393,2648,1464,1
56.367,1836,348,1
89.241,2335,1854,1
76.047,2215,1836,1
61.389,2224,3936,1
55.963,3097,1716,1
59.69,2212,2352,1
57.545,2264,1272,1
59.957,2258,4896,1
56.149,1934,285,1
50.622,701,74,1
56.563,2406,1344,1
60.399,2274,2090,1
59.942,2241,4218,1
74.563,2103,2640,1
57.917,1857,2784,1
55.143,1971,588,1
58.968,1923,110,1
82.308,2804,1056,1
55.498,2142,576,1
58.04,2942,1644,1
54.806,2190,420,1
71.39,2575,1920,1
58.047,2594,585,1
59.562,2141,1034,1
60.008,1781,3848,1
73.025,2107,1332,1
70.144,1774,439533,1
57.581,2110,1140,1
55.532,1804,385,1
50.984,708,210,1
62.98,1997,1045,1
61.975,1829,3052,1
51.845,670,1209,1
49.954,706,123,1
59.595,2241,972,1
82.2,2026,1632,1
58.21,2254,470,1
82.732,2120,1785,1
56.514,518,126882,1
55.549,2019,588,1
61.698,2117,7488,1
57.918,2799,1512,1
51.602,656,1505,1
63.336,2251,240,1
49.974,709,396,1
55.657,2210,1210,1
49.142,726,224,1
64.585,2266,240,1
56.621,2253,1260,1
66.047,2134,222,1
56.026,2193,1224,1
59.475,2256,1635,1
60.289,2442,5662,1
59.908,2055,1960,1
57.821,1924,680,1
62.302,2493,5304,1
78.264,2711,1419,1
57.627,1864,1526,1
60.662,2208,412,1
57.854,2812,840,1
54.709,1858,492,1
57.352,1864,1040,1
57.658,2156,480,1
58.155,2346,3683,1
54.994,520,90282,1
59.121,2039,1599,1
59.604,1863,2727,1
57.639,1912,1080,1
59.608,2270,234,1
58.313,2210,286,1
54.395,1761,108,1
59.62,2204,47,1
56.059,1903,75,1
64.408,2443,258,1
55.385,518,144275,1
55.387,1896,712,1
54.336,2190,952,1
60.015,2142,4641,1
51.634,837,1050,1
76.257,2332,1017,1
57.693,1972,1104,1
59.556,2148,7425,1
56.321,2038,1140,1
53.509,520,68983,1
59.565,1773,1824,1
57.951,2121,134,1
57.126,2403,1344,1
57.52,3013,996,1
80.564,2217,1378,1
78.734,2069,208,1
59.757,2084,2332,1
56.724,1940,1275,1
64.682,3314,350,1
74.004,2393,7406,1
59.31,1802,609,1
59.776,2091,2575,1
57.334,1993,1582,1
58.982,2661,390,1
62.761,2521,620,1
55.22,2162,1164,1
78.739,1984,296424,1
53.939,1000,123520,1
67.08,2902,840,1
77.627,2289,4288,1
59.823,2010,2500,1
57.855,2315,2112,1
63.296,2092,467418,1
57.684,1942,1092,1
55.321,1942,297,1
59.975,2052,4410,1
64.813,2915,302,1
59.806,1904,968,1
58.061,2496,1404,1
85.493,1845,1656,1
54.818,3056,248,1
51.652,709,900,1
75.203,1852,308172,1
63.558,2097,216,1
57.49,2243,1212,1
57.712,2226,1248,1
54.141,1818,90,1
49.552,679,74,1
54.676,2484,39,1
59.184,1806,1760,1
55.97,1645,130,1
51.067,711,884,1
55.385,1797,344,1
56.454,1849,1044,1
55.561,2194,570,1
59.543,1836,2716,1
58.093,1895,1778,1
49.953,684,38,1
57.158,1892,303,1
54.583,2431,468,1
62.98,1831,194,1
49.725,659,1813,1
49.27,700,175,1
59.478,2136,2144,1
62.309,2197,540,1
55.489,2018,1116,1
59.891,1948,1313,1
59.26,2033,981,1
55.225,3080,1976,1
59.511,2238,1728,1
59.852,2068,1050,1
57.553,2097,3267,1
54.647,1821,1056,1
58.151,2476,4917,1
76.459,2519,6112,1
56.337,2001,791,1
50.265,651,2160,1
53.623,2062,236,1
59.386,2270,2240,1
54.529,2021,115,1
57.457,2225,1248,1
105.124,1890,312612,1
63.026,1838,194,1
51.609,659,1404,1
54.526,2154,206,1
49.47,705,374,1
59.645,1767,1300,1
49.681,658,129624,1
58.754,2223,880,1
57.035,1930,234,1
57.445,2211,3472,1
59.769,2204,2784,1
59.407,1995,873,1
55.094,2213,1248,1
56.345,3230,340,1
69.694,2273,5292,1
57.867,2339,2128,1
73.573,2109,535,1
59.663,2015,2568,1
71.22,2048,2369,1
63.984,2359,244,1
50.54,702,442,1
57.207,2405,345,1
55.428,1892,356,1
54.527,2151,206,1
57.689,2845,1596,1
57.284,1991,1980,1
56.702,2187,384,1
59.474,1973,4216,1
59.542,2003,2678,1
54.665,2201,388,1
58.148,2148,1212,1
57.852,1999,445,1
54.674,1783,300,1
48.904,517,122728,1
73.994,2411,1030,1
63.011,2812,290,1
48.571,695,52,1
58.922,2258,500,1
59.009,2232,1650,1
56.2,2169,855,1
56.439,2263,1236,1
49.044,712,88,1
59.605,2177,2358,1
59.498,2090,2664,1
59.61,2184,2784,1
49.085,691,111,1
59.818,2048,2600,1
59.607,2028,1560,1
54.883,2123,315,1
57.965,2137,1176,1
58.93,2118,82,1
54.317,2161,520,1
49.953,726,272,1
59.504,2208,2220,1
72.134,1792,167700,1
59.499,1917,135,1
53.754,2206,188,1
54.855,2040,700,1
87.037,2058,6075,1
62.936,2165,2280,1
53.35,2015,1030,1
73.162,2178,1352,1
59.319,2161,504,1
61.586,2175,4875,1
53.502,2147,148,1
55.364,1946,1080,1
53.895,2171,162,1
55.036,2108,324,1
59.748,1867,2340,1
54.776,1981,436,1
87.267,1833,8160,1
58.784,2051,1470,1
51.497,681,72,1
56.259,2872,1620,1
56.838,1880,288,1
77.585,2185,1144,1
59.635,771,25056,1
59.616,2105,3420,1
57.042,2176,1428,1
52.594,853,1075,1
57.791,1742,1635,1
82.505,2286,417338,1
55.604,2102,1504,1
50.189,703,1008,1
48.51,664,80,1
59.626,2055,1584,1
58.018,2458,714,1
54.262,2665,36,1
49.359,698,74,1
59.069,2128,3690,1
96.993,2151,3600,1
58.127,1863,696,1
59.549,2258,490,1
56.954,1930,2550,1
74.61,2114,1976,1
73.428,1872,2640,1
54.075,1727,324,1
50.928,711,884,1
78.534,2064,2541,1
54.619,2032,184,1
59.664,2017,860,1
55.131,2034,510,1
59.593,2089,2912,1
75.502,1942,846,1
54.239,30013,755,0
70.2,2087,7348,1
56.612,3026,1692,1
59.665,2194,5285,1
65.409,2689,160,1
51.55,815,456,1
48.195,592,4686,1
59.78,2125,2592,1
56.853,2186,276,1
59.684,1956,2592,1
51.027,832,468,1
59.481,1975,3894,1
55.135,2143,173,1
53.813,1901,328,1
55.931,2085,1176,1
54.65,2491,645,1
57.958,1839,1040,1
63.209,2145,212,1
53.882,617,161076,1
59.296,1870,1748,1
64.315,2398,254,1
56.704,697,72,1
62.515,2102,4512,1
56.768,2489,1392,1
60.083,2067,2625,1
59.547,2222,2180,1
56.082,2224,208,1
50.644,712,1085,1
63.927,2228,1166,1
74.197,2243,2090,1
72.372,2252,5480,1
78.127,2243,4191,1
62.675,2581,2976,1
58.194,2191,1155,1
53.942,581,53788,1
51.76,813,546,1
64.073,1966,2200,1
59.837,2040,2522,1
59.618,1785,1880,1
50.944,695,78,1
59.714,2192,2912,1
77.129,2023,3016,1
65.985,2124,220,1
56.422,2247,1260,1
58.472,2182,1224,1
50.462,731,124,1
56.4,2758,531,1
65.607,2349,248,1
55.518,2207,800,1
59.531,2144,930,1
50.711,765,280,1
73.927,2448,4185,1
71.793,2426,1935,1
55.059,2736,318,1
65.187,4154,438,1
56.372,2281,1443,1
59.515,2237,7344,1
59.53,2274,2440,1
59.78,2257,2900,1
53.654,532,155520,1
58.599,2306,530,1
54.758,2250,266,1
58.006,2139,679,1
61.284,2352,3172,1
50.369,720,128,1
74.543,2071,520,1
56.437,1903,957,1
58.706,1883,312,1
59.958,1833,2322,1
69.077,2775,3480,1
61.102,1886,1274,1
89.497,1815,2790,1
53.11,686,1330,1
56.194,1966,142,1
67.178,2179,357,1
59.372,2252,3132,1
50.07,672,320,1
67.029,1901,1495,1
90.083,2233,176,1
52.668,881,1904,1
77.046,2216,4092,1
53.714,1030,576,1
65.043,2380,645875,1
59.612,2045,2400,1
59.829,1899,4000,1
59.691,1987,2040,1
58.431,1904,1079,1
58.252,2762,1144,1
66.543,2202,228,1
58.843,2126,1188,1
60.003,1936,2425,1
59.743,1937,2475,1
50.155,670,861,1
55.554,520,106552,1
56.864,2062,285,1
56.535,2120,133,1
86.286,2335,2530,1
58.905,2038,192,1
81.467,2407,246,1
57.264,2167,693,1
55.99,2058,1386,1
59.688,1935,2538,1
57.016,2148,333,1
58.333,2219,1248,1
55.666,2120,122,1
57.885,2383,1332,1
59.449,1904,2691,1
88.399,2313,927,1
57.004,2009,1320,1
64.083,2614,276,1
56.209,2277,1284,1
59.344,2250,595,1
74.435,2043,1104,1
74.017,2339,2180,1
59.448,1983,2328,1
64.406,1907,202,1
56.628,1913,91,1
50.418,678,1482,1
63.36,1798,186,1
54.025,1971,261,1
59.599,1963,3016,1
59.042,1874,2425,1
76.921,2062,2354,1
59.921,1851,3502,1
56.784,1906,736,1
59.93,2211,2750,1
75.071,1963,289262,1
57.82,2031,1116,1
70.303,1905,8305,1
54.648,2042,214,1
59.689,2212,2938,1
56.879,2008,110,1
55.589,2681,1464,1
59.564,2119,2091,1
54.583,2502,60,1
59.492,1842,774,1
62.064,2197,912,1
74.044,2291,1760,1
59.998,2266,2938,1
58.114,1969,1104,1
89.245,2269,1010,1
65.573,2254,238,1
65.279,3049,314,1
49.987,520,119370,1
63.351,2476,5320,1
60.374,2379,5160,1
65.563,2258,234,1
51.75,710,490,1
58.776,2297,262,1
59.447,1850,184,1
59.692,2156,2775,1
48.568,519,109962,1
59.654,2284,1616,1
55.451,2024,1330,1
59.904,2084,2625,1
64.764,2408,254,1
59.603,2110,658,1
59.563,2200,1530,1
56.399,1845,140,1
59.691,2231,2850,1
52.192,898,1925,1
77.359,1946,3192,1
55.943,2267,342,1
59.653,2170,1887,1
88.302,2067,2205,1
58.921,2297,272,1
55.659,2389,1500,1
59.618,2225,600,1
59.735,2107,2675,1
93.719,2047,1034,1
59.644,1843,1484,1
71.39,2117,7452,1
65.409,2046,216,1
56.185,1806,312,1
56.904,2039,1140,1
59.624,1908,2400,1
56.104,2186,175,1
74.919,1781,2744,1
59.096,2148,1212,1
57.584,2132,1802,1
73.747,2217,2736,1
60.595,2250,4840,1
58.621,2156,480,1
74.046,2077,840,1
59.545,2121,132,1
77.795,2205,4140,1
75.091,1781,3952,1
55.857,1954,530,1
63.154,2973,6324,1
71.897,2982,3480,1
59.979,2227,2782,1
59.42,1967,1853,1
59.564,2034,2080,1
57.422,2192,1236,1
59.503,2167,4375,1
58.681,1882,2929,1
56.397,2142,244,1
52.178,771,432,1
78.515,1839,1820,1
62.59,2129,324,1
74.467,1938,900,1
74.304,2107,900,1
63.763,2147,3894,1
58.016,2019,450,1
49.162,694,114,1
85.114,2051,990,1
59.55,2072,2475,1
58.297,2138,515,1
59.566,1997,3379,1
54.807,3679,80,1
59.555,2121,2704,1
60.943,2018,1078,1
59.614,2000,1130,1
49.992,833,680,1
54.59,2242,120,1
55.43,2214,438,1
51.447,519,146294,1
53.857,587,37280,1
59.487,2052,1890,1
49.552,734,124,1
55.465,1816,960,1
59.623,1920,2944,1
74.946,2096,2323,1
59.167,2252,180,1
51.277,708,396,1
52.339,690,925,1
53.008,857,1080,1
57.098,1755,664,1
57.027,3119,272,1
59.536,2069,4165,1
54.978,1879,114,1
59.607,2229,2808,1
59.464,1860,4556,1
59.275,2038,297,1
58.582,1822,1836,1
63.844,1824,1560,1
58.262,1890,440,1
58.102,2089,1176,1
56.011,2198,1854,1
59.426,2016,2415,1
65.607,2395,248,1
55.589,1949,1045,1
59.415,1812,2328,1
59.589,1812,1530,1
58.084,2209,1248,1
56.681,2232,1248,1
59.553,2147,1515,1
57.952,2137,480,1
58.304,2254,1272,1
74.622,2171,1272,1
89.159,1684,301104,1
56.624,2046,238,1
93.456,2902,5587,1
59.366,2138,321,1
51.54,687,216,1
88.766,2529,1008,1
58.391,1992,1116,1
58.27,2573,1404,1
54.676,2018,396,1
60.132,2111,3248,1
59.647,2071,2646,1
73.779,2282,1417,1
64.823,2485,262,1
55.97,2217,327,1
77.177,2467,2684,1
57.87,2567,1965,1
51.111,713,396,1
50.131,705,476,1
57.878,2197,891,1
59.795,1976,3024,1
56.249,2439,238,1
74.624,2096,190,1
56.71,2006,171,1
73.715,1974,1786,1
61.632,1870,1290,1
55.567,2973,531,1
59.833,2088,2652,1
59.596,1966,2550,1
59.52,2106,4896,1
59.459,1998,870,1
59.703,1878,2350,1
96.704,1995,368,1
59.437,2097,294,1
59.449,1985,1748,1
56.696,1834,1148,1
59.551,1813,341668,1
54.491,1821,226,1
55.074,1812,180,1
63.958,2103,222,1
59.461,2197,4422,1
59.776,1924,2472,1
60.483,1859,1530,1
105.455,1757,317696,1
59.813,2063,1260,1
59.354,1990,1044,1
56.483,2689,45,1
94.643,2595,3825,1
59.455,2133,6075,1
51.575,694,490,1
59.602,1997,445,1
65.22,1858,196,1
78.768,2187,1936,1
56.44,1880,1089,1
56.897,2535,220,1
65.29,2068,3960,1
57.158,2725,1534,1
60.845,2156,1995,1
71.707,2196,2400,1
63.018,2375,2574,1
75.408,2128,1089,1
82.443,2323,1575,1
59.65,2052,6493,1
55.682,2123,570,1
58.112,2145,1212,1
58.23,2263,472,1
52.251,719,76,1
54.454,1854,119,1
59.562,2193,3192,1
58.193,2266,505,1
64.096,2943,1540,1
59.774,2142,3198,1
74.857,2020,1552,1
79.484,2946,310,1
59.849,1922,2548,1
59.653,2032,1261,1
55.896,2091,505,1
59.597,2174,2507,1
53.99,707,782,1
59.34,1919,2484,1
57.44,2569,1599,1
60.988,1943,2730,1
52.416,770,432,1
51.984,655,123,1
55.862,1957,1332,1
67.446,1860,2834,1
59.563,2046,2080,1
90.374,3447,3591,1
58.668,2217,1248,1
60.189,2520,3200,1
50.029,709,102,1
65.257,3032,320,1
65.724,2273,240,1
50.41,720,476,1
71.674,2158,1000,1
53.092,825,518,1
55.172,1971,490,1
62.636,1959,3616,1
65.164,3568,378,1
57.39,2429,1596,1
58.666,2234,465,1
74.903,1889,360832,1
59.727,2189,2346,1
49.967,702,72,1
99.402,1875,510,1
56.059,1846,492,1
74.987,2362,2618,1
57.606,1938,490,1
52.335,685,1596,1
56.699,1808,1020,1
59.06,1846,3016,1
59.307,1990,2575,1
85.452,2401,3944,1
56.62,2023,2919,1
49.025,708,272,1
56.533,1892,637,1
59.585,2216,2224,1
59.054,2387,3498,1
59.361,2235,240,1
72.631,1970,381755,1
58.434,889,143592,1
85.026,1995,1001,1
74.12,2553,2380,1
73.706,2209,3024,1
59.55,2113,1632,1
63.39,2491,1469,1
58.081,1932,1080,1
59.569,2167,4551,1
55.752,1918,510,1
50.789,712,132,1
51.188,725,396,1
52.404,562,210625,1
59.366,1939,2180,1
49.024,733,99,1
58.544,2131,792,1
57.972,2184,455,1
108.766,2020,1344,1
58.109,2501,1416,1
53.087,515,148708,1
51.379,720,352,1
54.716,1950,294,1
72.922,1871,756,1
74.508,2141,4123,1
59.676,2113,2650,1
59.604,1991,2544,1
73.207,2046,2196,1
54.636,2023,686,1
85.635,2125,5781,1
63.936,2011,212,1
63.925,1919,416875,1
50.494,661,1200,1
54.56,2010,256,1
59.322,1734,1488,1
59.595,1838,2340,1
66.079,2009,186990,1
54.875,2510,715,1
60.045,2160,1456,1
59.106,1947,1530,1
73.995,1813,2697,1
59.919,2146,2725,1
59.588,2004,855,1
55.752,2005,837,1
73.563,1858,3840,1
60.259,2170,4420,1
55.663,2386,2904,1
58.257,2373,3744,1
59.492,2273,530,1
59.338,2042,515,1
59.003,2086,552,1
55.978,2065,360,1
56.772,2519,444,1
89.705,1898,1564,1
55.985,30004,16080,0
51.328,700,74,1
93.51,1915,151,1
59.459,1908,1152,1
56.06,1834,303,1
68.35,2163,2736,1
59.555,1958,855,1
64.397,2013,212,1
58.619,2225,1554,1
58.166,1820,249,1
50.934,693,900,1
64.758,3069,316,1
56.711,2115,279,1
54.234,2103,41,1
59.69,2224,285,1
59.534,2230,520,1
73.735,2457,5076,1
78.857,2087,950,1
57.903,2567,1440,1
58.918,2040,1600,1
50.525,702,102,1
50.6,704,396,1
56.855,1993,2106,1
78.375,2254,240,1
62.459,2026,4350,1
59.546,2044,2619,1
52.36,689,864,1
54.84,1895,658,1
50.966,705,340,1
59.643,2203,2808,1
60.464,1977,1056,1
58.157,2287,1272,1
55.503,2035,146,1
81.196,2209,228,1
60.366,2140,891,1
57.462,1895,470,1
55.489,2778,447,1
56.389,2048,712,1
59.473,1958,1800,1
78.693,1997,3255,1
59.57,2170,2730,1
52.041,906,1134,1
59.473,2205,2247,1
59.358,2256,495,1
49.147,697,444,1
55.149,1819,960,1
59.472,1982,1288,1
59.873,2067,2592,1
77.321,1997,1926,1
63.447,2140,226,1
59.704,2152,4551,1
53.104,833,430,1
49.594,745,1400,1
54.216,2252,1980,1
59.474,2201,2938,1
54.994,2615,1428,1
54.814,2564,306,1
59.492,2029,1870,1
51.329,726,264,1
59.648,1989,1530,1
55.122,1957,405,1
56.519,2252,1272,1
85.222,2118,3364,1
59.872,2260,2622,1
59.408,2116,6027,1
49.685,677,351,1
55.935,2191,1089,1
106.463,2238,2060,1
64.645,2744,520,1
54.708,2194,285,1
50.971,731,217,1
59.428,2211,384,1
77.034,2891,3300,1
58.285,2234,465,1
56.662,2833,1584,1
64.429,2067,528528,1
56.775,2334,258,1
81.579,3347,2601,1
85.6,2505,1221,1
60.094,2223,1664,1
55.195,2189,535,1
86.308,2145,8848,1
75.443,2098,274685,1
84.146,2173,7776,1
59.419,1859,6210,1
58.126,2144,1200,1
58.39,2086,435,1
56.07,2131,582,1
73.409,2709,1375,1
52.604,715,160,1
59.558,2279,2675,1
72.954,1925,2522,1
54.923,1827,388,1
65.824,3075,6981,1
54.965,2798,44,1
57.244,2545,330,1
57.663,2152,552,1
64.128,2198,232,1
72.852,1895,968,1
54.276,1898,184,1
50.375,718,264,1
56.096,2103,903,1
59.21,2940,2064,1
57.867,2080,1952,1
56.025,2066,445,1
59.689,2292,2261,1
58.964,2053,1472,1
59.937,1950,4212,1
52.085,675,5200,1
52.738,754,186126,1
57.731,2088,1183,1
54.031,2054,57,1
63.889,2308,244,1
59.619,2111,900,1
78.436,2197,1919,1
73.862,2189,5544,1
64.754,1938,9625,1
54.69,1758,532,1
59.138,2212,2058,1
66.503,2840,6664,1
50.931,1019,147,1
63.222,2729,288,1
59.611,2171,1144,1
54.784,2064,1530,1
54.667,1899,2755,1
59.372,2219,424,1
59.144,1831,2790,1
79.488,2247,236,1
59.135,2018,1183,1
54.836,1756,1230,1
53.8,1950,198,1
59.263,2088,404,1
48.726,709,72,1
65.884,2441,1800,1
64.411,3269,340,1
59.402,1917,1246,1
60.081,2091,1410,1
56.408,2683,861,1
57.043,2160,1782,1
57.797,2281,1287,1
57.956,2558,1392,1
59.434,2188,270,1
75.286,1732,305085,1
57.749,1978,1116,1
82.314,1780,17520,1
67.057,2661,944,1
59.422,2087,432,1
58.474,2279,1722,1
61.089,2213,3420,1
55.942,1762,356,1
59.473,2230,520,1
55.772,2250,1352,1
59.6,1938,3960,1
49.368,721,608,1
55.246,3090,477,1
59.156,2238,132,1
58.054,2228,1248,1
54.799,2007,470,1
64.162,2121,220,1
57.721,2505,654,1
58.311,2303,618,1
57.436,2264,1442,1
56.23,2293,1236,1
59.584,1692,891,1
57.056,2323,1526,1
55.087,2003,190,1
83.432,2287,3648,1
57.116,2178,600,1
57.988,2432,575,1
69.761,2193,5109,1
58.341,1997,445,1
91.414,2796,6068,1
60.476,1827,1785,1
55.93,1758,770,1
65.961,8326,880,1
59.638,1839,2350,1
56.392,2325,212,1
59.306,1878,1958,1
59.985,2253,582,1
57.719,1975,728,1
56.35,2434,1356,1
57.269,2595,2772,1
70.431,1927,2712,1
57.815,2152,1188,1
64.151,2163,228,1
58.36,2158,320,1
50.742,736,181021,1
59.526,1882,122,1
77.829,1852,1786,1
58.052,2222,1248,1
50.11,725,476,1
54.996,1761,188,1
56.58,2236,1248,1
55.597,2418,314,1
63.749,2030,2400,1
59.665,2223,1300,1
58.474,2356,1320,1
56.791,2217,1248,1
73.243,2008,1067,1
56.642,2311,1296,1
59.884,2235,2886,1
59.525,2296,1010,1
55.029,2180,363,1
58.108,2242,3488,1
54.767,1862,178,1
50.788,730,192,1
64.446,1969,208,1
49.517,694,315,1
57.807,2220,404,1
59.567,2245,832,1
57.927,2117,1188,1
59.297,2071,6800,1
59.419,1809,2325,1
80.019,2201,12586,1
58.538,2221,658,1
59.787,2035,2162,1
55.651,2380,302,1
59.605,2182,2782,1
50.125,711,656,1
59.318,1898,1620,1
55.144,1834,297,1
64.836,2224,230,1
73.629,2209,3024,1
54.985,764,1102,1
59.664,1843,3204,1
50.391,661,41,1
64.761,2483,262,1
59.508,1863,2835,1
53.54,594,95927,1
64.823,2801,300,1
56.636,1917,396,1
57.457,2207,2398,1
59.634,1933,1320,1
54.607,2498,381,1
60.411,2135,1440,1
59.354,2208,3392,1
59.591,2213,3364,1
59.758,2151,6804,1
49.516,664,43,1
57.797,2176,644,1
59.906,1989,2496,1
58.064,2096,1176,1
49.544,701,172,1
56.001,2199,770,1
49.913,727,352,1
54.732,2218,258,1
63.063,2200,4953,1
60.084,1978,4284,1
54.305,1846,232,1
51.002,709,72,1
54.652,2689,690,1
63.705,2331,246,1
55.705,594,74880,1
74.946,2247,3584,1
55.094,2179,576,1
59.362,2233,1484,1
59.014,2296,2760,1
50.317,860,54,1
59.306,1919,2484,1
56.072,2054,882,1
89.055,2191,4600,1
65.756,2393,2310,1
58.965,2581,2852,1
58.294,2244,742,1
58.078,1982,588,1
75.111,1909,819,1
59.775,2166,2782,1
59.626,2158,4810,1
49.143,668,82,1
54.811,1812,340,1
59.647,1800,1575,1
88.144,1996,1919,1
73.885,2030,3224,1
58.061,2205,1235,1
50.265,671,42,1
89.823,1884,296010,1
56.98,2030,1131,1
59.663,1790,560,1
61.296,2384,3875,1
64.911,1837,194,1
59.545,2223,760,1
64.318,2098,9300,1
54.778,1897,648,1
55.028,2748,378,1
59.735,2087,2772,1
56.289,2381,1320,1
74.07,2161,2014,1
60.913,2170,3531,1
55.264,2621,366,1
59.951,1990,920,1
55.76,1877,1479,1
60.328,1977,4017,1
61.133,3136,1872,1
55.057,2082,159,1
59.583,1883,820,1
64.996,3453,364,1
55.498,2230,848,1
59.486,1756,2210,1
84.59,2161,882,1
82.583,1840,18228,1
59.864,2014,3686,1
56.572,2254,1260,1
49.323,708,192,1
53.097,527,70168,1
54.475,2085,50,1
47.848,521,86028,1
59.466,513,142241,1
51.921,707,396,1
56.183,2324,1100,1
59.331,1876,3744,1
55.946,3268,1510,1
71.867,2139,6307,1
59.573,2182,2912,1
58.154,2160,450,1
59.347,2245,392,1
54.689,2888,1080,1
54.735,2103,236,1
56.148,2325,1300,1
50.141,581,162132,1
54.799,3109,310,1
49.913,734,64,1
51.197,765,988,1
51.132,713,680,1
60.183,1925,4171,1
58.247,2100,1188,1
96.308,2204,1326,1
55.2,2092,490,1
59.041,1796,2325,1
72.033,2072,1656,1
64.666,2037,3000,1
59.584,1792,2664,1
61.213,1839,2842,1
67.492,1815,1428,1
99.279,2061,644,1
59.451,2062,658,1
59.344,2250,54,1
63.927,2158,228,1
59.352,2113,990,1
49.207,686,111,1
59.338,1903,192,1
55.485,2635,294,1
56.79,1847,1040,1
67.969,2074,7866,1
88.343,2122,2040,1
59.392,1840,2262,1
59.223,1966,913,1
54.295,1738,180,1
49.244,746,62,1
58.9,2054,1472,1
58.572,1948,2883,1
55.436,2271,412,1
62.041,3195,7216,1
65.32,2922,304,1
95.838,2273,8176,1
59.627,1915,1782,1
59.891,2249,2856,1
54.356,1848,348,1
53.703,2127,450,1
88.08,2163,2079,1
59.728,2195,2600,1
56.951,2716,1000,1
55.118,1912,801,1
55.698,1873,166,1
74.131,2327,1020,1
58.321,2039,297,1
50.586,740,340,1
49.855,890,492,1
54.422,2627,1206,1
53.981,2225,756,1
49.552,778,756,1
73.719,2084,3210,1
59.534,2208,2645,1
59.58,2025,2538,1
48.469,654,1032,1
59.478,2058,1243,1
59.853,2275,4788,1
59.72,1936,1488,1
55.421,1945,351,1
63.377,2163,228,1
57.913,1872,390,1
78.502,3484,3979,1
59.824,2212,2704,1
64.804,1921,2925,1
58.278,1785,2398,1
57.895,2950,615,1
54.558,2612,375,1
98.363,1950,1862,1
76.769,1852,2112,1
58.307,2069,588,1
56.503,1740,348,1
64.106,2487,260,1
56.912,2747,2322,1
49.527,710,136,1
76.523,1727,404820,1
59.564,1979,2565,1
53.769,2165,665,1
54.805,1978,372,1
49.106,687,1080,1
55.317,3672,356,1
63.272,2209,234,1
59.464,2093,488,1
75.785,1708,8184,1
54.08,1948,332,1
59.216,2252,3317,1
55.882,1987,372,1
68.566,1854,1162,1
57.351,2136,950,1
59.451,1899,567,1
84.552,2055,3131,1
62.031,2731,14673,1
58.779,2315,303,1
60.372,2334,1785,1
53.973,1911,352,1
59.759,2185,4257,1
58.918,2250,2675,1
59.609,2152,882,1
54.398,2882,45,1
84.334,2139,8904,1
55.274,2908,24,1
55.216,2408,262,1
67.086,2080,10595,1
59.694,2303,3052,1
63.446,2292,4185,1
59.45,2281,963,1
73.461,2199,1017,1
58.134,2262,728,1
73.773,1734,2668,1
58.287,2119,3392,1
59.59,2103,2756,1
53.753,2025,430,1
49.987,701,74,1
57.753,2015,1140,1
58.356,2332,1380,1
54.887,1985,644,1
87.344,2135,2100,1
57.593,2149,1209,1
59.384,2104,1870,1
51.146,810,456,1
55.577,1921,336,1
59.361,2244,1133,1
56.621,2254,480,1
61.224,2764,4740,1
57.131,2060,72219,1
55.314,1961,516,1
57.922,2311,34,1
59.597,1909,1032,1
53.829,1796,600,1
59.387,2136,576,1
59.613,2190,6930,1
57.612,2013,595,1
50.013,860,132,1
74.102,1822,2884,1
59.645,2092,2772,1
59.437,1880,1232,1
59.592,1923,2457,1
73.042,1749,3434,1
56.994,1982,1118,1
48.263,734,385,1
54.433,2261,218,1
57.878,2470,515,1
50.891,701,74,1
60.952,2182,2420,1
55.257,3147,840,1
54.623,2123,160,1
59.857,2197,2727,1
54.401,2538,230,1
84.804,2224,760,1
55.537,2262,342,1
59.562,2186,2193,1
50.22,701,1054,1
58.178,2117,750,1
57.809,2143,1209,1
73.715,2176,11470,1
59.612,1949,1308,1
54.026,2218,665,1
74.663,1980,600,1
55.309,2475,2016,1
49.845,722,646,1
49.028,732,186,1
54.685,2054,672,1
87.964,2109,3180,1
52.749,726,297,1
55.202,1845,400,1
64.678,1819,192,1
55.614,2185,1224,1
60.36,2034,2277,1
57.732,2108,590,1
58.505,1826,6864,1
59.371,2149,936,1
73.305,1946,3078,1
57.799,2046,455,1
59.463,2050,990,1
59.701,2080,2121,1
55.677,2158,2060,1
54.133,1870,312,1
58.885,2169,135,1
74.214,1877,470,1
54.245,2093,150,1
60.082,2309,3075,1
55.691,3093,700,1
55.231,1871,460,1
56.202,1814,624,1
57.99,2086,435,1
52.271,756,47995,1
57.833,2254,1260,1
48.904,673,160,1
80.462,2686,4794,1
62.916,2342,4248,1
55.575,1910,202,1
71.666,3073,3588,1
59.529,2028,1932,1
51.217,713,1316,1
58.217,2185,1235,1
59.678,2065,666,1
77.632,1808,194,1
59.669,2224,5460,1
62.047,2041,2352,1
49.589,707,1080,1
55.553,2213,234,1
59.865,1892,2314,1
56.573,1931,1080,1
96.26,2358,1470,1
56.808,2141,1140,1
59.644,2240,2856,1
55.598,1744,115,1
59.437,1913,1488,1
60.054,2080,4428,1
60.996,2068,5805,1
48.797,702,105,1
63.363,1946,3531,1
50.114,710,68,1
64.223,1875,198,1
59.442,2196,1768,1
58.424,2091,4028,1
54.622,2028,264,1
54.652,1936,321,1
59.386,2171,618,1
54.817,2636,250,1
82.454,2205,21816,1
63.098,2202,1152,1
64.578,2933,310,1
59.551,2043,1843,1
59.418,2221,2000,1
56.484,2001,90,1
80.018,2606,1180,1
72.7,2188,891,1
59.723,2129,1442,1
61.636,2602,2023,1
72.233,2217,3751,1
56.071,2011,630,1
58.995,2035,113,1
62.611,2005,1164,1
59.488,1875,1118,1
57.077,2214,1224,1
53.849,585,147900,1
57.533,2192,1122,1
59.775,1716,4134,1
59.799,1974,2522,1
79.034,2011,14756,1
60.028,2083,4551,1
66.053,2347,248,1
59.767,2091,2020,1
66.954,1787,2520,1
57.997,2328,2185,1
56.502,2235,1236,1
87.639,2507,3024,1
56.085,1895,1358,1
73.811,1967,910,1
56.183,2250,873,1
59.841,2278,1751,1
77.103,1974,2254,1
56.632,1934,1068,1
87.469,2206,2023,1
59.694,2100,2673,1
58.232,1954,1092,1
59.969,1944,2418,1
64.68,2092,2442,1
55.754,2224,412,1
50.804,692,72,1
59.765,1969,510,1
60.011,2116,2987,1
58.514,2154,480,1
59.648,2051,2442,1
85.148,2336,2530,1
59.427,2155,582,1
51.428,708,170,1
55.291,2010,336,1
55.203,2934,183,1
55.338,2037,291,1
59.901,2110,3762,1
58.286,2029,1881,1
58.582,2112,1188,1
49.197,700,185,1
89.402,1997,2304,1
55.395,2781,308,1
58.872,2097,1508,1
51.551,733,972,1
54.946,1835,468,1
50.37,729,396,1
55.297,2325,504,1
49.862,732,128,1
56.684,1777,1577,1
79.061,3822,398,1
55.285,1908,279,1
64.271,2446,258,1
60.163,2203,4758,1
58.391,2517,525,1
58.209,1821,648,1
56.054,2457,464,1
54.319,2248,510,1
96.802,1996,616,1
90.564,2082,4520,1
56.023,2479,1070,1
74.849,2014,501534,1
76.907,1931,979,1
55.906,2310,116,1
59.559,2059,3045,1
58.051,1883,309,1
59.692,2251,2834,1
60.143,2126,582,1
56.992,2061,1140,1
83.679,2040,5355,1
59.67,1987,1921,1
54.493,2631,1380,1
51.365,733,396,1
65.135,2976,13826,1
59.431,2116,1128,1
65.276,2583,268,1
55.705,2072,940,1
50.453,701,74,1
59.667,1879,216,1
56.81,2226,816,1
48.494,656,84,1
56.185,1945,534,1
51.269,861,200,1
74.513,2157,1078,1
52.841,717,986,1
57.908,2071,425,1
59.64,1760,1955,1
76.169,2213,1122,1
58.163,1985,1104,1
59.642,2164,2205,1
57.059,3324,1859,1
57.915,2000,3240,1
55.416,1739,138,1
56.276,1819,240,1
59.574,1763,1743,1
50.606,722,442,1
54.456,1780,206,1
59.586,1888,2522,1
67.209,3645,3249,1
71.003,2194,6048,1
59.986,2158,4662,1
73.709,2185,2020,1
51.318,725,238,1
71.813,2106,2328,1
50.13,735,175,1
62.612,1986,4256,1
77.974,2056,330,1
59.442,1926,819,1
54.71,522,105885,1
51.962,794,444,1
59.516,2162,2756,1
59.537,1938,2232,1
59.13,1833,1634,1
52.091,695,1620,1
56.94,3441,1924,1
54.109,2027,133,1
55.178,1885,261,1
50.139,716,297,1
59.425,2190,672,1
55.497,1917,656,1
56.291,1973,1105,1
56.183,2198,1236,1
59.56,2144,500,1
86.675,2142,2675,1
58.975,2922,3925,1
59.535,2285,1734,1
56.121,2213,1200,1
59.645,2237,4704,1
48.639,525,79650,1
59.674,2285,1590,1
58.979,1996,66,1
56.32,2101,1380,1
54.916,2260,800,1
59.751,2261,2808,1
59.594,1938,2470,1
57.959,2092,294,1
49.885,746,170,1
58.628,1895,440,1
51.921,658,41,1
59.548,1764,4128,1
64.083,2237,236,1
63.887,3074,324,1
59.548,2196,2916,1
59.982,2209,2782,1
56.492,2195,1236,1
59.387,2134,1717,1
59.792,1936,4880,1
57.698,1930,3008,1
54.189,2300,366,1
59.461,1845,891,1
55.642,2087,153,1
59.812,2020,5904,1
57.561,1767,780,1
55.972,2664,1428,1
59.94,2144,1090,1
69.738,2371,338112,1
55.976,2381,927,1
56.21,2212,1224,1
54.246,2493,600,1
64.392,3393,358,1
49.782,650,44,1
59.37,1891,1462,1
50.384,720,76,1
53.997,1931,1616,1
59.531,1930,1488,1
49.771,742,124,1
69.413,2011,4620,1
74.151,2135,4588,1
60.365,2029,1932,1
55.103,2076,240,1
59.474,1789,5664,1
57.074,2238,224,1
59.588,2109,3240,1
72.574,2079,1980,1
50.992,888,360,1
61.806,2274,2943,1
65.608,3100,328,1
74.913,2325,2875,1
56.07,1929,1032,1
55.737,2936,191,1
78.419,2315,3955,1
58.066,2156,2398,1
69.547,3504,4560,1
77.407,3049,9744,1
56.48,2676,819,1
58.357,2205,1235,1
49.392,620,55,1
73.587,2255,576,1
56.705,2507,535,1
59.794,2172,2675,1
58.291,2055,428,1
58.874,2011,2222,1
75.908,1881,801,1
55.94,1960,279,1
59.486,2088,792,1
61.614,2197,2461,1
59.66,2211,1248,1
56.511,3083,1704,1
59.768,2196,4674,1
59.491,1986,1610,1
59.166,1885,356,1
56.568,2043,1140,1
52.085,659,1517,1
55.39,2187,500,1
59.355,2221,1638,1
71.091,1949,2254,1
57.331,1937,546,1
73.724,1923,504560,1
57.434,2138,1188,1
61.749,2091,2266,1
72.702,2018,7992,1
59.494,1877,2047,1
59.304,1936,2912,1
85.512,1957,87,1
59.75,2072,3852,1
56.869,2279,1287,1
55.861,2795,2002,1
56.164,2455,1792,1
59.616,2233,2835,1
52.9,706,396,1
59.456,1807,1170,1
64.02,2213,236,1
51.66,744,684,1
55.874,2628,1062,1
56.56,2511,1392,1
58.034,2447,2074,1
59.856,2230,1111,1
73.587,2217,564,1
59.501,2439,545,1
56.212,1847,246,1
52.19,677,156,1
51.633,840,1066,1
51.418,788,190,1
59.185,1865,623,1
54.864,2964,280,1
55.785,2050,1500,1
67.049,1836,1445,1
57.818,2177,1176,1
57.981,2651,847,1
59.706,1776,2652,1
53.143,702,74,1
59.404,1733,324,1
54.983,2038,568,1
57.322,1816,1020,1
53.555,2362,260,1
57.825,2460,3840,1
56.553,1872,59,1
59.803,2127,1802,1
64.384,2400,1130,1
63.589,2331,1887,1
77.486,2075,927,1
59.362,1981,534,1
51.472,600,5952,1
55.964,2033,460,1
48.715,578,132912,1
59.681,1998,1012,1
90.957,2294,4368,1
59.553,1960,2511,1
57.997,2374,495,1
76.575,2474,1254,1
57.723,2271,1274,1
54.248,3326,274,1
55.788,2151,156,1
59.79,1851,1424,1
55.973,2098,1164,1
89.339,2226,1768,1
71.33,4307,8225,1
50.661,823,902,1
49.349,713,510,1
74.895,2019,1183,1
93.851,2232,9362,1
85.423,1835,4848,1
59.16,1803,1290,1
52.725,684,2166,1
59.21,1992,1380,1
84.596,2174,891,1
60.647,2039,1530,1
60.521,2708,2091,1
64.818,4032,426,1
62.227,1949,1748,1
76.667,2290,4446,1
60.301,1833,2688,1
50.053,637,49,1
47.96,522,110121,1
73.048,2312,5520,1
58.919,2211,336,1
59.582,2186,2754,1
63.26,2042,1034,1
58.036,1953,1080,1
51.586,703,1080,1
74.658,1918,801,1
59.56,1973,2813,1
56.508,2161,204,1
58.991,2162,339,1
50.489,676,78,1
64.95,1729,3136,1
60.454,1845,2100,1
56.965,2435,819,1
59.774,2077,2646,1
59.241,1700,138,1
59.683,2188,4560,1
58.605,2124,3264,1
59.467,2087,2472,1
59.524,2041,2592,1
55.559,2038,252,1
56.423,1974,452,1
59.682,1863,2726,1
59.551,2196,927,1
70.342,2392,3048,1
76.532,2158,5311,1
59.311,1874,2880,1
49.601,719,165,1
55.328,2140,460,1
51.095,653,46,1
50.78,723,330,1
55.711,2029,1274,1
59.247,2000,119,1
82.596,2242,1164,1
59.546,2274,1605,1
56.442,522,94482,1
59.028,2014,1520,1
59.088,2023,4070,1
55.622,2061,264,1
73.92,2558,10150,1
52.217,703,105,1
59.814,1987,602,1
57.273,2254,424,1
57.8,2213,642,1
70.53,2510,658560,1
58.846,652,91560,1
92.98,2619,10203,1
59.552,2248,2553,1
60.087,2248,2420,1
50.22,698,216,1
58.258,2064,2520,1
58.514,2298,1300,1
60.62,2229,3248,1
55.709,3384,250,1
58.083,1924,1079,1
55.733,2160,400,1
57.262,1842,1040,1
63.866,2207,1155,1
59.563,1955,1900,1
86.67,1920,6438,1
58.08,1960,410,1
59.708,1940,979,1
60.205,2149,1089,1
55.517,2096,234,1
57.978,1893,1053,1
56.593,1834,1887,1
55.115,3295,1812,1
59.141,2093,3480,1
54.896,2115,262,1
50.308,701,1584,1
105.175,2263,4400,1
59.44,2206,2074,1
54.095,698,70300,1
50.925,720,408,1
56.494,3035,1704,1
57.075,1946,9261,1
62.246,2214,5000,1
58.223,2921,1644,1
64.865,2480,2640,1
53.29,733,396,1
80.92,1949,3498,1
55.329,2098,808,1
80.375,2100,220,1
54.947,2424,600,1
60.276,2122,4601,1
63.526,2206,3999,1
58.162,2131,436,1
88.599,1890,2403,1
58.955,1926,1344,1
64.273,2206,4025,1
58.964,2270,1584,1
59.584,1985,5040,1
58.782,2716,625,1
59.801,2208,5320,1
58.659,2092,1183,1
58.507,2295,1300,1
59.329,2069,2678,1
58.613,2874,1625,1
59.894,1984,4251,1
64.777,1989,210,1
60.099,2242,4440,1
85.59,1918,935,1
75.862,2859,7392,1
57.089,2235,990,1
52.837,679,109760,1
59.591,2098,2800,1
58.162,1850,774,1
59.426,2080,3815,1
58.269,2294,1284,1
56.143,2080,2014,1
55.417,1971,801,1
77.963,2057,3861,1
81.462,2588,545,1
55.319,2082,261,1
52.293,518,130848,1
57.946,2203,1287,1
103.129,1886,320,1
60.01,30014,37611,0
59.918,1997,355180,1
58.601,2230,1400,1
59.681,1944,2484,1
76.951,2097,2400,1
58.493,1908,249,1
57.299,3520,66,1
49.636,715,455,1
70.461,1894,8255,1
59.894,2253,1944,1
55.228,2006,273,1
56.739,1925,1068,1
56.262,3598,3009,1
83.315,2616,984,1
60.052,2185,4773,1
58.925,2019,837,1
59.41,2182,2080,1
61.508,2321,888,1
59.694,2005,4223,1
85.362,2097,5544,1
56.802,2121,2369,1
58.32,2218,515,1
58.097,2080,1176,1
59.332,2263,1326,1
51.21,707,1116,1
56.736,2463,2717,1
56.186,2039,490,1
60.324,2261,4560,1
64.065,2135,226,1
59.512,2079,2400,1
58.321,2297,1284,1
59.538,2290,1650,1
59.567,2097,1425,1
63.876,2155,4512,1
50.182,718,256,1
56.299,2082,1386,1
58.99,2738,810,1
56.611,1947,1104,1
55.518,2106,224,1
55.495,1947,161,1
59.525,2004,1767,1
52.955,710,891,1
55.527,2060,1344,1
59.396,1881,909,1
54.925,2309,936,1
73.72,1946,371010,1
59.92,1921,957,1
57.723,1881,1066,1
60.054,2217,1700,1
58.957,2212,1545,1
50.108,785,756,1
73.686,2060,4257,1
102.804,2129,2520,1
59.814,30015,36634,0
58.372,3135,1752,1
59.287,2275,2052,1
59.609,2049,428,1
85.098,2236,3406,1
56.646,2519,1392,1
89.851,1988,207205,1
74.858,2113,882,1
71.306,1881,1820,1
79.23,2087,218,1
57.969,2240,1260,1
59.297,1822,1218,1
64.281,2613,270,1
54.772,717,665,1
58.103,3364,1898,1
59.07,2113,2244,1
49.333,693,629,1
57.295,2295,1272,1
59.577,2228,1710,1
65.422,2535,268,1
55.13,1974,1116,1
65.381,2672,282,1
84.23,2238,5043,1
63.933,1983,210,1
52.734,799,432,1
51.601,732,37,1
59.454,2075,484,1
58.137,2151,495,1
74.573,2262,945,1
90.925,2051,2090,1
54.666,2027,332,1
60.468,2148,900,1
59.817,2073,2688,1
59.461,2005,3045,1
55.167,2181,360,1
55.391,1909,384,1
72.177,2183,2525,1
59.36,2088,2842,1
64.491,1972,208,1
57.86,2185,1164,1
57.928,2074,616,1
49.817,716,128,1
56.207,2279,630,1
80.16,2417,2975,1
53.458,742,1554,1
54.711,2025,516,1
59.017,2141,1680,1
83.172,1976,12495,1
59.431,2098,2332,1
57.225,2570,744,1
55.634,1851,143,1
49.94,679,117,1
59.366,2136,1764,1
59.382,2088,3172,1
89.124,1976,3038,1
59.376,2075,890,1
59.687,2162,2727,1
58.635,1999,2254,1
77.125,2138,10472,1
57.099,3010,636,1
72.15,2205,1760,1
63.275,2260,5904,1
74.321,2271,970,1
56.666,2232,880,1
57.227,2194,448,1
54.578,798,221117,1
57.497,2253,1260,1
58.764,2411,1356,1
56.397,2116,228,1
58.83,1906,1080,1
72.953,2014,5875,1
59.427,1850,2232,1
59.635,2155,1836,1
91.079,2200,4551,1
60.044,2254,2318,1
85.923,2260,1071,1
57.311,2185,1222,1
49.917,740,59,1
56.619,3071,1144,1
59.693,2268,4257,1
59.558,2178,1274,1
55.273,524,109462,1
59.708,30001,4149550,0
57.665,1927,1032,1
59.738,1819,2349,1
58.539,2065,276,1
59.565,1874,2200,1
58.683,2069,1170,1
58.303,1808,800,1
59.516,1958,1908,1
101.771,2377,2750,1
59.433,2101,1568,1
75.92,1794,1740,1
56.26,2194,73,1
65.026,2757,292,1
54.898,544,138475,1
55.628,1874,528,1
50.514,741,192,1
66.57,1728,2632,1
51.021,703,1080,1
58.189,2028,1144,1
59.605,2203,1554,1
55.249,2030,86,1
57.397,2145,91,1
56.652,2135,460,1
53.152,698,74,1
88.644,2418,2147,1
59.116,30004,6985,0
50.467,687,962,1
84.628,1767,285418,1
60.361,1939,4107,1
50.397,687,585,1
60.031,1885,2280,1
82.772,2038,768,1
59.081,2112,3131,1
53.43,685,72,1
99.045,2328,918,1
59.558,30018,6695,0
53.076,737,1794,1
59.772,1966,2850,1
56.623,2116,588,1
51.946,696,1406,1
60.099,2223,576,1
59.686,2153,909,1
59.714,2184,2782,1
56.967,2009,1128,1
59.728,1985,2860,1
75.024,1934,510,1
59.248,2078,1880,1
56.372,2022,1131,1
55.86,2452,303,1
71.88,2964,2340,1
59.633,2218,651,1
57.661,1986,979,1
56.182,2185,837,1
55.334,2129,318,1
59.338,2058,3162,1
57.359,2097,128,1
58.42,2114,1196,1
56.86,4374,79,1
52.111,756,170,1
56.501,2165,312,1
65.249,2218,234,1
55.753,2197,50,1
58.237,1977,1068,1
50.251,747,66,1
64.999,2114,218,1
57.284,2102,1164,1
56.026,2181,424,1
51.397,710,165,1
92.074,2267,4920,1
58.973,1941,3135,1
50.751,708,34,1
57.095,2075,936,1
56.219,2195,194,1
55.59,2033,140,1
55.621,1959,469,1
59.215,2238,945,1
59.07,2296,404,1
49.875,706,105,1
55.046,2052,186,1
75.377,2106,3108,1
56.935,3545,36,1
58.078,2368,810,1
59.151,1837,1515,1
58.964,2206,1248,1
66.708,1812,2350,1
59.898,1936,4074,1
60.098,2060,1722,1
56.893,1864,135,1
57.121,1856,87,1
53.594,912,918,1
60.28,1914,4066,1
59.984,2164,2600,1
59.332,1985,1530,1
54.294,737,96,1
59.185,2194,700,1
89.325,2097,2712,1
59.147,1992,3968,1
78.538,2426,972,1
59.525,1921,3224,1
59.629,2146,672,1
59.058,2219,2323,1
59.788,2115,2808,1
59.146,1779,2373,1
59.353,1961,1740,1
58.222,2183,651,1
57.585,2032,113,1
52.4,703,140,1
52.854,800,444,1
55.55,524,65888,1
75.663,2086,1940,1
64.1,2126,3468,1
66.641,2112,1067,1
78.665,2132,1089,1
58.468,2220,1212,1
59.152,2179,1386,1
54.973,835,98,1
60.154,2254,2860,1
63.071,1938,1020,1
64.578,2269,707,1
61.396,2446,5250,1
58.795,1844,133,1
71.006,2438,258,1
75.905,1943,1786,1
83.895,2026,1767,1
75.337,2921,2628,1
75.38,2170,920,1
58.788,2101,864,1
60.05,1848,2314,1
61.4,1858,2640,1
56.77,1035,81,1
59.005,2057,226,1
59.244,1721,2640,1
77.454,1975,1748,1
59.087,2115,1196,1
61.395,2135,2652,1
63.626,2332,5040,1
59.069,2150,1212,1
77.14,2188,970,1
57.073,779,666,1
61.435,2185,2781,1
101.328,1966,155,1
59.085,2139,1188,1
62.419,2161,1560,1
64.271,2115,4558,1
59.107,1793,465,1
56.337,707,396,1
59.082,2129,312,1
105.133,2663,630,1
88.934,1832,1760,1
60.948,2117,2346,1
59.11,1778,540,1
57.031,844,468,1
62.856,2043,2575,1
58.903,718,627,1
66.351,1879,4032,1
70.842,1828,1320,1
59.108,30002,8841,0
73.821,2216,234,1
59.112,1955,900,1
59.117,2166,2280,1
59.098,1903,1330,1
71.122,2249,2337,1
57.976,693,74,1
58.79,526,76635,1
58.738,988,552,1
69.317,2157,4680,1
58.854,876,1344,1
58.623,670,880,1
71.219,2271,4407,1
59.122,30012,6250,0
59.108,1970,696,1
71.927,2030,3390,1
59.064,1736,975,1
59.054,1744,148,1
58.781,741,416,1
59.112,1769,1190,1
63.848,2074,3192,1
59.064,1845,246,1
59.063,1971,564,1
59.412,1800,1246,1
58.799,743,155,1
67.859,2013,2475,1
60.351,1736,178,1
58.778,718,510,1
66.788,1893,2093,1
58.737,796,644,1
72.6,1844,850,1
59.054,30005,4524,0
58.918,548,19328,1
58.911,673,40,1
59.025,791,28,1
59.15,1980,74,1
63.213,1938,1001,1
61.365,1863,1494,1
77.973,2783,750,1
69.455,1833,800,1
68.593,2166,2754,1
72.121,2030,279,1
75.515,2185,226,1
89.168,2231,230,1
74.116,1877,1581,1
59.454,1176,663,1
68.092,2239,707,1
59.409,1840,2728,1
59.052,523,65520,1
58.857,667,533,1
89.418,1865,413442,1
74.029,2275,240,1
73.945,2224,234,1
62.974,2319,580,1
68.235,2146,1128,1
73.665,1928,204,1
59.293,1898,148,1
59.361,1909,1079,1
88.368,2210,228,1
59.287,2063,2484,1
59.282,2093,1001,1
59.124,1908,312,1
59.158,2041,148,1
59.193,1736,246,1
66.155,1752,1312,1
59.379,1982,2280,1
61.62,1738,4181,1
58.629,1778,390,1
58.772,1938,243,1
59.271,2040,1586,1
59.645,2206,1700,1
58.119,2834,610,1
52.958,756,210,1
58.226,2072,210,1
58.731,2150,1188,1
57.966,1976,153,1
57.962,2073,91,1
74.523,2169,4480,1
59.394,1817,1720,1
59.562,2241,970,1
59.444,2135,4176,1
75.582,2262,5720,1
54.448,706,1681,1
52.973,880,1350,1
73.86,2229,2323,1
74.909,2129,1980,1
61.087,2755,3990,1
58.922,1879,1032,1
67.208,2077,3159,1
51.635,712,770,1
59.733,1970,2755,1
52.336,817,259,1
56.347,1883,249,1
74.261,2555,1090,1
82.584,2108,800,1
59.357,2004,5700,1
59.767,2234,2834,1
92.396,2066,8294,1
59.457,1929,5390,1
57.42,2032,273,1
54.041,539,45000,1
56.97,2098,840,1
59.547,2251,606,1
58.811,2009,3007,1
85.307,2285,2400,1
56.21,2172,1222,1
108.704,2232,918,1
58.947,2040,1144,1
71.551,2430,4256,1
59.75,1886,2520,1
57.069,1844,135,1
50.29,665,50,1
59.447,2109,686,1
53.086,723,330,1
55.497,726,106080,1
73.966,2171,1100,1
60.49,1933,4074,1
58.854,1869,830,1
56.297,2094,672,1
81.108,2285,244,1
59.541,30001,4489984,0
66.103,2897,306,1
59.433,1835,528,1
59.609,2150,534,1
73.275,2152,1560,1
57.453,1848,243,1
59.138,1936,2976,1
56.142,1896,327,1
59.317,2069,1080,1
56.376,2196,1045,1
58.375,2136,339,1
56.848,2518,93,1
56.502,2234,230,1
57.234,3108,840,1
59.625,1871,870,1
56.043,1820,415,1
52.611,727,561,1
58.909,2018,500,1
53.327,846,200,1
60.51,2547,5396,1
60.968,2116,1116,1
56.518,521,86428,1
56.751,1930,440,1
59.53,1944,940,1
57.741,2760,1536,1
62.855,1815,946,1
58.081,1991,430,1
59.584,2268,624,1
52.26,838,30,1
53.404,524,76125,1
51.353,681,76,1
56.362,2940,228,1
56.709,2300,220,1
71.028,2271,323136,1
56.082,2071,279,1
59.598,2084,5040,1
63.324,2175,4625,1
59.886,2009,2496,1
59.932,2077,1425,1
56.813,2679,552,1
84.78,2271,927,1
59.474,2067,1807,1
59.762,2084,2496,1
55.581,2036,424,1
58.61,1895,1066,1
57,2167,1212,1
57.884,1741,2820,1
65.022,2403,254,1
59.448,1982,1932,1
68.377,23474,35721,1
59.073,1791,504,1
52.331,763,429,1
81.033,2156,981,1
64.646,3493,374,1
59.465,2200,2997,1
56.336,2312,625,1
57.082,1812,1442,1
58.752,2374,495,1
56.681,2087,1176,1
56.761,2105,175,1
70.474,1698,5152,1
57.14,1866,1445,1
51.848,712,660,1
65.181,2366,240,1
55.203,775,98690,1
56.725,2409,1356,1
57.155,2138,700,1
56.328,2259,2775,1
51.264,746,62,1
57.354,2283,1287,1
59.163,2008,2376,1
59.613,2230,248,1
59.801,1870,2484,1
54.045,522,82926,1
59.732,2142,2727,1
72.722,2317,1236,1
65.268,4320,456,1
59,2547,1440,1
56.958,1854,320,1
63.577,6119,11285,1
57.774,2027,435,1
59.605,2282,728,1
66.011,2563,270,1
66.076,2368,250,1
59.611,2150,930,1
57.124,2218,302,1
99.294,1970,3248,1
59.498,1755,2024,1
64.79,2258,5560,1
59.735,2191,2808,1
63.149,2596,1664,1
59.728,1774,2883,1
78.651,2042,3815,1
57.194,2380,1332,1
72.759,2203,1560,1
59.994,2106,2673,1
59.74,1979,4142,1
58.162,1927,188,1
52.157,712,910,1
56.988,1938,664,1
57.62,2015,1080,1
78.596,2237,4200,1
59.695,2064,5060,1
60.021,1893,2403,1
56.131,1913,276,1
57.365,2512,226,1
57.009,1972,392,1
52.992,723,918,1
58.153,1994,460,1
55.444,2520,700,1
77.58,2068,1710,1
59.677,2187,2754,1
50.188,693,74,1
73.763,2201,4550,1
88.514,2185,2100,1
55.66,2154,1440,1
56.247,2071,505,1
59.418,1886,735,1
58.345,2457,390,1
53.767,543,86688,1
55.743,1889,172,1
89.659,1932,924,1
81.251,1773,1760,1
58.925,1980,3164,1
51.892,710,594,1
59.344,2225,194,1
64.09,2082,220,1
51.585,946,176,1
57.969,2265,1236,1
64.091,2166,3930,1
49.866,715,70,1
59.505,2249,2996,1
56.502,2668,819,1
59.484,1930,728,1
74.557,2036,968,1
53.949,701,74,1
84.897,2126,2332,1
55.44,790,324,1
59.648,1909,2430,1
58.478,1975,1632,1
58.385,2195,1235,1
57.809,2001,258,1
56.731,1949,1080,1
64.94,2199,232,1
59.586,1721,2300,1
51.987,712,396,1
81.611,2422,250,1
55.833,2450,550,1
59.784,1966,1805,1
53.109,733,396,1
58.709,2430,721,1
65.8,2256,238,1
100.425,2284,2052,1
57.181,2489,1680,1
77.514,2343,1430,1
57.443,2171,1200,1
66.156,3116,330,1
57.559,2232,1248,1
53.327,709,910,1
65.247,2221,234,1
64.614,2007,6890,1
58.768,1987,1118,1
60.081,2118,4484,1
50.23,704,408,1
72.822,2013,1908,1
50.672,526,83636,1
60.127,2234,2835,1
57.186,2518,1344,1
52.334,697,884,1
59.621,1881,1880,1
56.666,3568,528,1
59.088,2180,2592,1
53.503,524,83013,1
55.608,2513,160,1
64.173,1991,2871,1
59.706,2093,846,1
55.117,2051,327,1
56.858,2534,1417,1
59.671,1936,1767,1
83.14,2249,6110,1
67.662,4674,20376,1
59.68,1901,312,1
58.259,1894,395,1
58.305,2151,1768,1
58.733,3481,1540,1
58.735,2103,3232,1
59.377,2098,2200,1
71.151,1860,1800,1
61.393,2272,1070,1
55.549,2367,472,1
58.622,2302,1300,1
59.193,2220,1428,1
77.528,2287,234,1
75.669,2171,2484,1
55.585,2103,792,1
56.155,2183,145,1
55.43,2080,642,1
65.359,2840,300,1
54.317,794,238,1
50.603,599,143620,1
50.973,685,111,1
59.889,2050,2619,1
59.061,1759,267,1
88.038,2151,4360,1
105.23,2042,327365,1
56.821,1967,990,1
73.248,2028,1068,1
56.416,3078,2363,1
57.508,2232,1248,1
55.928,1935,410,1
50.069,705,70,1
59.731,2011,440055,1
55.795,2077,534,1
59.579,2236,970,1
57.632,2165,678,1
50.878,685,1548,1
55.457,2155,186,1
97.456,1959,2496,1
56.917,1976,1105,1
56.698,2219,1236,1
59.729,2110,492,1
55.662,2114,148,1
65.115,2774,292,1
57.938,2192,1712,1
57.275,2772,366,1
59.331,2179,161,1
59.703,2128,3270,1
55.398,1969,53,1
49.641,701,102,1
100.854,2308,216,1
59.596,2041,2576,1
58.611,2131,1746,1
56.186,1822,1440,1
59.74,2072,7564,1
56.062,1833,108,1
59.668,2098,1683,1
55.934,2457,137,1
59.454,1869,552,1
59.578,1778,3051,1
60.296,2197,4746,1
94.229,2509,4830,1
57.664,1951,408,1
53.488,733,910,1
84.566,2195,23736,1
54.705,642,165502,1
80.266,2164,980,1
54.555,747,980,1
85.123,1823,377016,1
53.248,706,884,1
57.577,2272,30,1
65.795,2938,310,1
55.782,2256,182,1
61.966,2379,3750,1
59.777,2234,2862,1
62.789,1817,2520,1
66.644,2126,376,1
75.381,2251,1751,1
58.501,1944,1068,1
59.582,2118,4176,1
77.813,1860,3492,1
57.201,2110,80,1
74.679,2133,6630,1
88.898,2129,3808,1
65.652,2696,284,1
76.057,1876,1365,1
59.708,2081,230,1
94.607,2546,2925,1
55.71,2199,306,1
54.998,2272,565,1
58.517,1940,1092,1
54.834,2086,424,1
56.452,2983,1668,1
81.539,2155,6345,1
63.818,2202,3993,1
59.615,1967,440,1
73.925,2109,525,1
59.927,2218,2782,1
74.231,2233,954,1
51.831,999,276,1
64.495,1974,8750,1
63.195,2389,1210,1
55.191,2532,1888,1
81.227,1788,259935,1
88.452,2122,2040,1
70.635,2198,1155,1
59.635,1965,2511,1
54.293,570,137445,1
96.939,2084,10695,1
56.598,2286,297,1
54.477,590,11200,1
59.728,2023,1488,1
58.015,3123,290,1
55.474,1738,316,1
56.103,1814,188,1
58.405,2337,1308,1
55.997,2088,218,1
56.74,2005,495,1
59.737,2234,707,1
59.683,1759,711,1
65.602,2012,212,1
58.473,2208,1236,1
55.493,2037,768,1
58.348,2230,465,1
63.016,1911,968,1
59.616,2076,2266,1
58.39,1908,1079,1
58.369,1867,2968,1
84.335,1757,4444,1
55.388,1819,352,1
59.721,1862,1157,1
65.615,2258,238,1
56.171,2267,74,1
59.662,2029,2968,1
65.314,2255,238,1
51.717,735,320,1
59.97,2127,2727,1
57.928,1954,1092,1
65.276,2047,216,1
51.515,700,714,1
59.722,2043,4920,1
90.861,2203,2244,1
58.514,2134,1209,1
59.979,1864,2366,1
83.402,2382,896,1
59.431,1861,1162,1
60.431,2042,309,1
62.372,2503,18240,1
59.67,2118,792,1
52.616,744,155,1
59.726,2264,2886,1
52.468,897,1125,1
51.725,706,204,1
56.696,2976,417,1
59.801,2179,4602,1
59.06,1879,2568,1
59.011,2047,1442,1
56.307,3110,302,1
76.498,2102,2394,1
49.823,807,180,1
89.581,2223,1530,1
55.323,6615,728,1
59.671,2093,846,1
59.065,2008,595,1
59.448,2005,630,1
59.987,1945,2400,1
54.104,697,72,1
56.776,2724,1536,1
59.485,2240,2486,1
74.949,1984,450009,1
74.039,1992,8174,1
58.837,546,150971,1
59.836,2076,7700,1
57.02,1981,1365,1
57.603,1835,1148,1
55.244,2051,455,1
67.325,2186,2886,1
82.302,2038,768,1
59.656,2186,3358,1
70.303,2173,1962,1
58.248,2031,602,1
59.501,1772,384,1
58.521,2056,1152,1
59.548,2172,1010,1
98.368,2986,3240,1
55.696,2471,412,1
59.076,1897,102,1
53.38,859,800,1
58.786,2209,1248,1
60.626,2225,1717,1
64.779,2008,212,1
60.308,2170,1144,1
58.597,1934,1092,1
57.235,2170,1224,1
59.777,1959,2925,1
81.117,2015,6815,1
68.28,2076,7874,1
52.433,601,143250,1
59.235,1942,801,1
55.17,2137,672,1
59.666,1944,2484,1
59.546,1992,1692,1
50.504,634,2703,1
58.328,2236,1212,1
58.935,2220,3016,1
60.04,1824,1411,1
56.222,1782,651,1
59.616,1862,2060,1
60.17,2022,2538,1
58.656,2008,1128,1
58.874,2288,376,1
58.286,2212,1236,1
59.967,2455,636,1
59.542,2004,1547,1
59.804,1828,3395,1
50.257,744,280,1
49.54,708,68,1
56.633,2141,336,1
58.644,2304,1300,1
57.792,2229,75,1
55.484,2081,310,1
59.341,1985,3848,1
60.258,1788,3864,1
59.9,2175,2700,1
84.509,2142,873,1
56.048,1890,157,1
51.481,886,31,1
55.692,2184,1365,1
61.305,1866,714,1
64.133,1746,3168,1
59.636,2101,2016,1
65.924,7466,788,1
56.854,2170,400,1
52.19,720,408,1
55.29,1729,688,1
69.845,2806,3640,1
55.875,2130,61,1
59.67,1974,2277,1
60.339,2597,5633,1
61.216,1771,1394,1
95.985,2068,637,1
58.399,1954,1105,1
69.779,2310,2286,1
57.916,2418,1320,1
90.999,2242,2268,1
59.604,2236,1080,1
62.617,2791,2580,1
56.946,2058,1140,1
73.517,2316,2480,1
55.284,2146,1017,1
74.944,2223,5632,1
56.032,2219,693,1
59.394,2246,4128,1
58.509,2136,475,1
49.92,793,108,1
87.356,1781,318304,1
73.062,2271,1700,1
72.762,1814,173229,1
62.894,2154,4585,1
55.001,3454,109,1
50.904,739,952,1
64.446,2760,280,1
59.515,2004,2400,1
59.673,2104,7154,1
57.507,2155,1089,1
50.285,551,109515,1
59.519,1980,1414,1
56.102,3678,684,1
59.768,2134,2828,1
90.389,2218,2070,1
53.551,699,592,1
59.622,1783,1800,1
60.506,2207,1100,1
57.527,3017,1668,1
57.806,1810,498,1
55.562,1811,693,1
59.852,2212,2808,1
52.766,640,49,1
59.598,2177,1261,1
71.623,2339,2226,1
56.742,2096,1170,1
65.836,2993,316,1
63.483,1820,188,1
56.584,2206,1534,1
59.384,2209,1648,1
74.606,2143,576,1
58.237,3303,3045,1
59.549,2220,2964,1
59.537,2082,2782,1
78.507,1980,3700,1
54.098,808,180,1
80.945,2053,930,1
59.645,1893,344,1
64.509,2314,244,1
69.61,2141,2546,1
59.044,2225,784,1
74.731,1931,169126,1
58.869,1987,504,1
74.2,1816,1134,1
58.872,2011,1131,1
59.552,2080,3161,1
59.438,2069,1666,1
81.374,2211,236,1
60.184,2149,2775,1
57.077,2718,520,1
59.522,2222,9316,1
59.555,2005,2575,1
57.443,2040,1128,1
73.149,2290,2530,1
56.149,2051,1298,1
60.995,2082,2185,1
55.598,2212,768,1
63.685,2594,4230,1
73.889,1973,1012,1
59.456,2277,654,1
65.154,2006,212,1
54.339,850,480,1
59.294,1959,1824,1
58.626,2349,169,1
58.309,2246,1248,1
59.814,2223,4403,1
60.048,2117,2688,1
58.818,2356,525,1
61.931,2896,8385,1
63.903,2028,2193,1
59.766,1874,2403,1
55.319,1869,174,1
50.21,724,297,1
72.512,2237,1666,1
55.219,738,224,1
59.537,1904,1376,1
55.887,2134,236,1
70.161,2530,595,1
55.47,1886,505,1
68.183,2033,10360,1
50.309,696,46,1
58.523,2155,1212,1
58.725,2233,465,1
59.774,1957,2600,1
56.667,1987,728,1
58.834,1846,1328,1
56.053,1971,452,1
59.177,2162,3348,1
73.465,2407,972,1
59.507,1853,1290,1
55.539,3280,69,1
56.103,3105,444,1
49.775,663,1920,1
57.487,1855,2450,1
55.479,1825,405,1
58.487,2091,1176,1
59.482,1904,2772,1
59.299,2190,2134,1
73.001,1775,935,1
60.007,2044,2496,1
56.112,2275,1417,1
55.348,1855,180,1
58.892,2803,536,1
55.59,1868,77,1
94.892,2247,8607,1
60.213,2253,6500,1
49.718,719,297,1
55.298,2043,357,1
59.644,1871,924,1
59.47,1838,2576,1
89.888,2189,1067,1
55.206,2075,712,1
49.618,726,495,1
88.951,2321,510,1
58.221,2070,1170,1
59.344,2468,304,1
54.517,3444,576,1
89.77,2232,2650,1
59.604,2176,2727,1
59.878,2015,4400,1
53.146,633,3570,1
59.543,2020,4830,1
59.697,2000,2484,1
59.254,1893,2574,1
60.812,2534,1140,1
59.545,2148,3330,1
57.069,2317,1430,1
50.738,638,2021,1
70.376,6262,7260,1
56.544,3229,1872,1
49.833,683,1440,1
54.66,1856,465,1
59.813,2146,2156,1
74.917,1868,2070,1
53.545,790,525,1
59.404,2229,2461,1
57.409,1989,2744,1
50.97,722,429,1
59.158,1932,2945,1
61.589,1818,1785,1
52.083,866,296,1
59.031,2069,630,1
59.494,2289,63,1
55.28,1800,602,1
59.726,2172,3654,1
54.81,1802,336,1
55.588,2174,1890,1
54.76,1821,288,1
57.836,2067,1365,1
54.997,2157,276,1
107.026,2416,3094,1
59.52,30022,25517,0
79.94,3114,1410,1
55.889,2322,31,1
55.353,2215,1155,1
64.201,3681,3249,1
55.918,2134,90,1
59.009,2265,485,1
55.148,2206,1177,1
51.247,762,432,1
58.962,2233,1560,1
49.798,739,320,1
59.551,2001,3074,1
54.531,1664,327,1
51.646,720,396,1
65.535,1985,1455,1
60.013,2094,1104,1
55.717,1708,160,1
60.027,1983,4200,1
58.515,2011,1128,1
59.85,1810,1023,1
60.843,2046,1380,1
65.37,2399,3192,1
59.646,1873,2464,1
56.337,1809,246,1
59.299,2035,864,1
69.509,2371,210,1
51.073,735,96,1
63.894,2088,321,1
55.663,1911,957,1
57.862,1759,93,1
59.416,1862,581,1
56.624,1860,640,1
66.712,2126,2996,1
59.5,1780,480,1
56.94,1814,624,1
51.572,848,195,1
58.837,2313,515,1
55.277,1738,460,1
55.342,2081,364,1
59.916,2252,1122,1
55.129,1915,158,1
59.395,2025,1330,1
75.219,2050,783,1
62.415,2828,6478,1
75.882,2213,388,1
58.383,2189,3410,1
56.362,1815,574,1
64.42,2126,224,1
59.644,2124,5208,1
48.67,520,126555,1
88.379,1831,1764,1
60.18,2173,4066,1
58.357,2850,1608,1
74.218,2577,1276,1
55.038,1948,110,1
50.912,767,1008,1
57.681,2850,2736,1
75.576,2140,918,1
56.775,2652,1416,1
67.042,3060,1085,1
98.566,2477,10787,1
74.555,2240,2088,1
76.01,2144,1940,1
56.38,2228,153,1
56.83,2210,1261,1
89.869,2010,528,1
59.54,2266,1313,1
58.326,1894,395,1
89.299,2230,3510,1
58.924,2503,882,1
58.687,1824,756,1
57.956,2104,1395,1
56.008,2184,605,1
55.473,2072,1400,1
58.479,2231,184,1
54.713,2077,1196,1
57.129,2159,85,1
52.564,744,945,1
57.374,2172,444,1
56.2,2071,882,1
64.943,2141,226,1
52.062,728,128,1
56.337,2060,62,1
59.62,1837,1394,1
50.053,698,180,1
62.023,2662,3380,1
55.466,1951,404,1
55.776,2232,510,1
59.213,1777,3069,1
64.379,2188,226,1
62.357,2111,672,1
51.123,890,147,1
51.992,767,429,1
59.63,1822,1440,1
65.169,4565,470,1
59.689,2211,642,1
51.853,699,918,1
58.589,1933,1092,1
57.13,2183,384,1
58.79,2380,530,1
55.187,1903,202,1
59.694,2152,2875,1
56.403,2371,211,1
79.987,2567,2541,1
50.65,866,450,1
59.792,2178,2856,1
53.734,517,133917,1
57.804,2580,750,1
60.116,1915,2403,1
56.111,2151,705,1
58.042,2368,1332,1
90.703,2123,2163,1
63.49,1893,3434,1
58.249,2326,1300,1
59.631,2151,1248,1
59.658,1964,1288,1
56.558,1976,1105,1
60.447,2222,2120,1
55.719,2855,1536,1
57.895,2503,1404,1
48.771,655,42,1
56.352,2200,1616,1
79.104,2054,1805,1
60.067,2124,2730,1
59.595,1829,2444,1
51.326,956,240,1
53.649,842,223548,1
58.539,2782,1184,1
58.415,2313,515,1
48.993,699,74,1
54.758,1981,348,1
59.171,2233,2875,1
58.938,1879,3128,1
59.545,2240,1962,1
55.96,1829,109,1
61.726,2244,8288,1
80.687,2027,2496,1
59.707,1982,957,1
62.171,2672,1353,1
59.901,2137,2754,1
58.775,2232,1976,1
58.07,1916,445,1
59.702,1913,2444,1
59.621,1829,2350,1
59.443,1918,747,1
55.426,2083,460,1
59.684,1888,2900,1
58.898,2242,1067,1
77.968,2591,278,1
49.989,812,39,1
59.686,2247,2862,1
57.448,1980,890,1
59.428,1891,510,1
51.659,869,1107,1
75.135,2019,1183,1
54.69,2810,68,1
55.238,1993,222,1
55.771,1995,182,1
61.549,2310,1836,1
57.678,2266,505,1
72.277,2220,7392,1
58.562,1897,720,1
59.36,1989,2800,1
59.554,1856,1488,1
57.719,2091,1176,1
59.041,1856,1456,1
56.271,2410,1638,1
60.734,1798,2828,1
77.536,2548,4760,1
85.792,2281,13050,1
58.798,1980,1365,1
57.816,2064,430,1
54.794,2315,288,1
87.065,1846,396390,1
57.754,2517,1416,1
50.369,785,396,1
59.448,1945,1932,1
65.768,1974,5145,1
55.323,1877,184,1
49.569,737,416,1
59.626,2074,4107,1
58.664,1910,2730,1
59.755,1870,2484,1
69.405,8795,2070,1
57.906,2243,1212,1
58.516,1812,1530,1
59.098,2326,49,1
59.541,2228,3390,1
56.974,2098,333,1
57.639,2580,318,1
59.365,2124,1710,1
63.864,1990,210,1
51.237,739,288,1
55.77,2440,1308,1
55.552,2257,2052,1
59.681,1931,1938,1
57.773,2180,1455,1
59.357,1896,3036,1
59.549,1963,2304,1
54.713,1973,498,1
52.26,573,74448,1
59.383,2218,864,1
86.708,2294,5460,1
57.093,2472,96,1
58.8,1922,672,1
59.937,2041,2646,1
58.935,1912,5031,1
59.861,1998,4240,1
79.729,2172,1200,1
58.963,1914,567,1
58.029,2148,950,1
59.903,2428,1872,1
49.91,717,528,1
59.472,2232,1078,1
55.798,2195,776,1
55.95,2103,1395,1
49.33,708,1064,1
72.09,2180,1632,1
73.424,2105,2200,1
48.648,573,107221,1
54.49,2359,972,1
54.22,2279,120,1
63.757,1818,192,1
54.68,1724,208,1
61.199,1772,2760,1
57.292,2028,2068,1
77.431,2189,228,1
66.966,2085,490,1
74.492,1832,1892,1
59.155,1817,664,1
60.539,1871,1290,1
54.339,634,59840,1
79.626,2152,226,1
59.639,1826,6042,1
57.07,2298,864,1
59.631,1919,2470,1
59.132,2094,1261,1
54.017,2946,220,1
55.065,1928,140,1
55.905,2267,707,1
56.105,2210,1236,1
63.829,1841,2660,1
54.478,2192,226,1
50.271,767,432,1
57.786,2076,1176,1
59.507,1981,2373,1
57.037,1867,1445,1
56.306,3097,1716,1
50.602,678,1400,1
57.961,2178,3441,1
51.162,786,444,1
73.928,2221,8322,1
58.069,2220,658,1
59.648,2121,2725,1
55.614,1935,616,1
83.671,2399,8584,1
59.697,2222,4680,1
60.342,1997,900,1
55.464,1906,336,1
67.426,1862,99144,1
59.01,2239,2352,1
55.652,2010,62,1
55.785,2532,847,1
59.829,2171,3996,1
59.968,1945,2470,1
56.687,2043,107,1
49.576,707,165,1
55.468,2058,612,1
51.565,767,191487,1
57.33,2124,1196,1
59.654,2262,2850,1
80.331,1745,9976,1
61.138,1858,2871,1
63.016,2867,5291,1
59.628,1895,2912,1
51.197,864,481,1
58.242,1956,1080,1
56.579,1969,950,1
59.546,1884,2392,1
58.329,2133,475,1
58.296,2113,3317,1
63.28,2257,238,1
64.008,1832,288,1
51.238,669,819,1
63.55,1798,190,1
50.235,823,180,1
59.064,2019,1456,1
59.59,2219,424,1
60.067,1850,4042,1
52.769,937,1170,1
58.199,2045,728,1
54.089,2155,270,1
49.262,673,38,1
54.904,2185,240,1
77.507,2167,228,1
62.082,1869,2592,1
74.976,1815,2523,1
71.187,2753,459,1
59.392,1810,2325,1
56.187,1997,1104,1
100.659,2109,1530,1
64.211,1914,202,1
74.185,1953,1144,1
54.716,2455,642,1
75.028,2153,927,1
59.539,2219,2835,1
56.295,2073,174,1
59.428,2505,1265,1
52.545,720,396,1
69.108,3338,7667,1
59.594,1879,704,1
55.591,2371,1326,1
59.251,1941,258,1
54.695,2054,416,1
50.313,807,456,1
57.449,2104,216,1
54.801,1895,202,1
48.787,709,204,1
77.26,2281,4284,1
55.817,2778,1560,1
64.668,3712,392,1
63.903,2595,274,1
50.499,716,462,1
59.844,1949,2444,1
52.073,779,814,1
58.607,2288,1596,1
57.895,2075,1164,1
59.685,2146,5168,1
58.77,1992,1170,1
58.606,2245,2616,1
59.497,2254,848,1
59.573,2147,4294,1
54.976,2010,198,1
50.209,703,748,1
51.427,905,507,1
51.241,699,864,1
59.724,1837,2136,1
76.235,1795,2024,1
59.483,2180,4403,1
49.563,693,74,1
81.682,1931,402192,1
80.488,1910,318630,1
54.612,1827,124,1
57.819,2092,1183,1
59.695,2165,1664,1
51.313,716,952,1
50.084,557,125385,1
64.957,4113,434,1
60.833,1919,1472,1
59.331,1897,425,1
48.79,684,76,1
59.543,2023,3108,1
55.47,2285,936,1
59.488,2019,4017,1
57.648,1920,400,1
59.401,2192,950,1
63.83,2046,216,1
51.16,682,1443,1
54.291,724,330,1
55.77,2339,1308,1
90.405,2027,1824,1
63.71,2017,216,1
57.97,2457,1380,1
49.063,699,35,1
63.734,2233,236,1
51.899,523,130548,1
55.427,1961,480,1
78.57,2098,950,1
58.351,686,127263,1
52.218,929,287,1
59.692,1995,4200,1
84.88,2072,846,1
57.948,1982,348,1
63.478,2595,274,1
56.352,2228,69,1
56.035,2216,840,1
59.472,2199,2756,1
53.541,721,116065,1
51.828,727,186,1
78.618,2499,1380,1
54.892,2678,1680,1
54.482,1826,222,1
50.991,719,429,1
49.997,655,163506,1
57.217,768,162240,1
79.503,2985,308,1
54.709,2110,360,1
55.179,2129,372,1
65.172,4187,442,1
59.344,2228,465,1
54.852,2208,816,1
94.171,1960,6771,1
53.694,2045,828,1
56.73,2790,363,1
55.877,2125,222,1
98.066,2134,2550,1
73.891,768,123257,1
57.206,1944,1717,1
93.403,2008,2162,1
58.224,2225,1552,1
54.971,2470,432,1
51.793,707,891,1
87.331,2216,2180,1
71.397,2070,3366,1
59.865,2219,2781,1
87.376,2028,1995,1
73.413,2293,3234,1
67.156,2001,10366,1
67.952,3136,11890,1
64.556,1970,208,1
63.872,2010,437721,1
62.43,2243,5148,1
73.82,2042,8378,1
54.003,827,360,1
59.044,2077,728,1
62.179,2757,2990,1
60.017,2064,3910,1
62.808,2015,4284,1
59.714,1899,7139,1
57.89,2275,672,1
79.986,1821,170090,1
57.674,1839,190,1
53.9,2151,416,1
56.815,2322,1287,1
59.594,2196,2916,1
55.838,3445,459,1
57.183,2206,1235,1
57.533,2379,1344,1
60.95,1976,446874,1
60.132,2547,4826,1
59.971,2280,2835,1
76.455,2009,2266,1
51.534,827,294,1
59.356,2281,4520,1
69.781,1985,5280,1
56.985,2049,1261,1
54.275,1824,210,1
55.469,2750,1911,1
60.068,2126,4644,1
55.492,2095,342,1
64.721,2601,274,1
58.857,1957,236,1
55.725,2835,129,1
74.529,1971,2100,1
59.404,1848,1376,1
49.954,663,80,1
57.795,1941,1092,1
56.816,3026,1692,1
48.438,639,141,1
55.566,2203,624,1
49.834,716,396,1
54.426,3171,21,1
62.886,2238,2420,1
54.174,838,231044,1
88.391,1957,1881,1
55.276,2220,700,1
59.494,2008,728,1
55.407,2061,339,1
48.891,673,39,1
59.866,1964,2457,1
58.186,2752,1548,1
58.866,1911,3400,1
50.667,513,140154,1
49.253,628,49,1
67.416,3179,2499,1
58.346,2108,2575,1
83.373,2034,20140,1
59.371,2086,1995,1
74.719,2096,2277,1
59.58,1965,2625,1
59.699,2232,2754,1
59.47,2098,910,1
57.951,2266,1284,1
59.515,2156,2484,1
54.43,2236,192,1
50.875,781,442,1
76.106,2202,2352,1
58.213,2179,3348,1
59.516,1885,2688,1
59.921,2279,2943,1
60.489,1822,1218,1
56.586,2535,960,1
89.488,2232,2575,1
55.722,2117,117,1
51.07,711,1512,1
50.709,718,160,1
74.676,2222,2071,1
69.663,1954,4488,1
59.57,2029,273,1
59.64,2028,7296,1
55.151,1781,285,1
55.452,1943,356,1
59.168,2190,2834,1
62.752,2153,2650,1
50.995,701,324,1
52.027,699,1120,1
82.71,2190,832,1
68.31,656,108756,1
56.637,2010,1116,1
58.576,3461,1944,1
76.066,1932,2200,1
52.399,632,144636,1
59.253,1926,1469,1
59.674,2098,2673,1
56.708,2006,332,1
86.365,1947,22968,1
55.959,2791,124,1
60.912,2153,3388,1
73.126,1840,1955,1
55.273,1967,113,1
89.963,2095,3150,1
63.778,2408,1260,1
56.226,1870,1032,1
59.671,2130,1683,1
74.418,2667,1320,1
72.175,1955,1980,1
56.869,2325,1300,1
58.181,2927,1452,1
58.147,3084,735,1
50.885,668,117,1
55.142,3383,356,1
60.003,2299,1212,1
55.143,3193,1008,1
95.911,2205,665,1
56.563,2630,1440,1
52.276,568,36040,1
58.154,2068,1164,1
59.846,2258,4025,1
67.276,2043,5324,1
64.618,2455,260,1
59.536,1850,2156,1
81.348,2990,6708,1
60.53,2661,2304,1
55.399,2087,294,1
60.497,2038,3198,1
55.668,2172,460,1
56.208,2215,1568,1
50.801,837,760,1
103.014,1933,328,1
59.608,2190,3364,1
51.558,688,1960,1
55.444,1663,122,1
60.012,1955,1656,1
57.002,3576,702,1
59.449,2162,2289,1
63.916,1918,2020,1
50.769,924,64,1
55.446,2241,192,1
54.993,2110,110,1
70.324,2184,2783,1
66.239,2038,212,1
52.111,706,693,1
52.27,735,416,1
50.947,723,408,1
50.885,691,1369,1
64.722,2582,2280,1
59.523,1932,2813,1
79.484,1903,1672,1
57.414,2032,444,1
59.605,2039,4407,1
58.549,1977,440,1
55.885,1900,1044,1
59.696,2135,2772,1
56.149,1815,101,1
59.49,2141,930,1
64.731,2139,226,1
62.627,2103,1100,1
77.614,2072,212,1
54.596,2078,372,1
50.329,765,192660,1
59.884,2146,2725,1
60.252,2140,4641,1
54.315,762,117546,1
54.678,2261,188,1
57.938,2291,1785,1
55.955,2663,1612,1
73.05,2094,846,1
58.516,2124,1508,1
59.974,1995,3708,1
59.54,2257,4560,1
74.257,2319,2160,1
60.359,2220,1700,1
59.662,1968,686,1
59.504,2205,400,1
63.003,2583,1380,1
54.607,2129,208,1
55.785,2143,178,1
54.906,2086,261,1
59.904,2034,3724,1
65.29,2274,240,1
55.768,2184,190,1
88.049,2043,2204,1
65.413,1837,194,1
60.194,2199,1696,1
56.261,2131,714,1
58.289,2619,1416,1
58.035,2088,582,1
87.764,1929,830,1
55.849,2020,315,1
58.367,2221,1200,1
57.052,2127,1176,1
59.147,2020,1880,1
59.482,1939,1938,1
55.643,2121,262,1
50.618,704,1628,1
60.123,2174,4674,1
56.645,1789,1290,1
55.285,2599,360,1
60.126,2150,4644,1
58.315,1883,2784,1
59.276,1990,960,1
55.369,1928,71,1
62.496,1865,3441,1
57.685,2411,3565,1
54.481,2117,210,1
55.88,1809,594,1
54.198,2617,654,1
72.52,1845,972,1
50.638,701,180,1
63.349,2215,1957,1
57.737,2276,1272,1
57.026,2189,1232,1
58,2396,1344,1
59.615,1772,212,1
55.787,2276,1664,1
59.737,2243,2704,1
53.803,2284,34,1
50.2,851,43,1
54.601,2549,876,1
58.912,2130,1485,1
56.097,2015,1080,1
59.199,1994,736,1
63.907,1875,198,1
55.591,1984,900,1
54.217,2147,558,1
59.561,1825,3808,1
59.011,1942,3630,1
81.398,2306,238,1
73.352,2013,1260,1
54.038,1704,385,1
50.206,714,96,1
64.372,1799,190,1
59.244,2113,2472,1
59.512,2179,2996,1
50.975,720,403,1
49.797,725,429,1
66.607,1966,1547,1
55.99,1973,688,1
55.063,3235,656,1
59.504,1998,1410,1
59.33,1949,5550,1
59.299,1866,979,1
56.353,1951,756,1
58.196,2113,470,1
59.462,1868,376,1
58.007,1992,415,1
62.721,3540,6420,1
92.313,2156,1089,1
57.188,1837,2976,1
59.405,1855,2024,1
64.613,2199,232,1
55.728,2164,348,1
49.13,685,105,1
60.536,2066,1575,1
49.764,665,975,1
66.574,1927,2940,1
59.638,2039,2619,1
59.583,2083,2652,1
55.367,2619,292,1
65.224,2109,224,1
59.567,2213,354,1
60.82,2083,4464,1
63.615,2077,220,1
64.656,2174,230,1
57.798,2260,1526,1
59.167,1914,612,1
50.252,738,408,1
55.123,2118,855,1
58.121,2690,1521,1
59.484,2158,4032,1
58.276,2262,3520,1
75.569,2227,1620,1
60.792,1958,1350,1
59.098,1980,1068,1
57.798,2283,1274,1
59.495,2066,872,1
55.542,2235,400,1
73.189,1980,2120,1
54.738,1961,564,1
55.64,2121,208,1
59.692,2133,2725,1
55.133,2909,423,1
58.788,2466,4257,1
68.482,4185,5427,1
55.731,677,63852,1
56.537,2141,1188,1
58.035,2076,1164,1
59.555,2045,665,1
59.722,2181,726,1
55.733,2504,1188,1
57.937,1909,1032,1
56.197,2141,1188,1
59.572,1875,166,1
92.87,1918,7705,1
54.453,1984,162,1
55.046,2073,196,1
55.47,1855,246,1
50.511,721,408,1
54.426,2617,888,1
53.668,2054,480,1
81.513,2081,784,1
55.397,1863,264,1
59.56,1867,891,1
57.599,2502,1417,1
54.37,2057,104,1
54.008,2548,512,1
56.238,2021,1128,1
57.9,2021,2596,1
56.155,1960,1092,1
60.125,2017,3795,1
54.11,2490,113,1
59.76,1862,744,1
55.899,2453,3250,1
59.568,2184,4640,1
78.174,3070,1390,1
64.073,2298,1122,1
53.58,2176,376,1
74.638,2208,11385,1
54.169,1925,567,1
50.068,741,416,1
61.348,2187,1144,1
53.057,1956,249,1
57.267,2306,1122,1
54.646,2828,540,1
50.359,742,416,1
54.998,2215,1456,1
56.442,2305,1206,1
63.445,2181,230,1
51.617,914,195,1
54.084,2294,856,1
59.601,2114,792,1
58.958,2122,558,1
54.247,1806,830,1
70.633,1847,1476,1
75.605,2145,3960,1
50.836,807,273,1
57.42,1877,2047,1
59.526,1861,2403,1
62.538,1710,3102,1
59.539,2212,2835,1
57.695,2086,465,1
62.166,3094,6580,1
54.297,2116,248,1
64.406,2402,4340,1
60.059,1861,972,1
74.208,1897,500517,1
53.992,1867,522,1
59.864,2008,4386,1
59.51,1998,4180,1
92.9,2191,1133,1
84.069,2041,5336,1
59.435,1924,2744,1
72.891,2384,1210,1
56.368,2011,2394,1
59.124,1932,1392,1
59.532,1804,4346,1
59.07,2225,452,1
55.911,2076,72760,1
56.045,2591,387,1
54.653,2287,615,1
54.681,2104,264,1
59.648,2040,2725,1
59.47,1768,2716,1
57.23,2551,1404,1
86.221,2093,1900,1
57.279,1997,658,1
56.415,2340,272,1
54.483,1862,790,1
83.578,1960,4472,1
56.948,1839,1495,1
62.065,2438,2635,1
55.036,2430,54,1
69.354,1982,435070,1
59.538,2269,535,1
54.689,2761,429,1
57.201,2068,651,1
63.668,2453,252,1
97.021,2270,1443,1
59.437,1978,1442,1
59.564,2042,588,1
52.021,712,1225,1
56.291,2860,1290,1
56.194,2408,242,1
59.058,1983,1472,1
55.199,1971,910,1
86.008,2240,2376,1
57.85,2131,475,1
58.096,2113,808,1
57.256,2126,1995,1
48.828,741,64,1
59.453,1802,486,1
54.236,1935,356,1
55.83,2236,1236,1
57.206,2204,1236,1
62.28,3490,1826,1
59.541,1795,664,1
57.309,2289,1284,1
56.684,2873,456,1
57.412,1881,1105,1
48.252,639,92,1
62.15,1853,188,1
53.643,1941,602,1
54.314,2068,420,1
54.554,3031,952,1
58.41,2024,1456,1
79.895,1836,2262,1
61.94,2256,4795,1
59.593,1999,2565,1
51.932,710,875,1
85.818,1874,3388,1
55.282,2009,380,1
73.528,1939,492,1
59.675,2090,846,1
66.252,2038,212,1
51.914,719,384,1
54.767,2083,700,1
58.982,1925,1978,1
57.864,2141,3379,1
51.342,714,910,1
66.747,1834,6954,1
55.53,2382,390,1
62.591,2366,4318,1
55.632,2062,1140,1
49.593,680,190,1
55.546,3632,310,1
50.139,677,1938,1
54.51,1857,1162,1
60.633,2257,882,1
55.014,2216,896,1
56.239,2189,1224,1
75.154,2409,1232,1
56.439,3150,328,1
59.594,1998,870,1
59.885,1894,2392,1
101.494,2901,2072,1
57.181,30005,5691,0
59.727,1946,2375,1
59.406,2006,968,1
58.117,1797,230,1
73.415,2174,540,1
59.714,1956,1032,1
54.479,2092,170,1
59.195,2070,1067,1
73.879,2163,2016,1
57.042,2151,416,1
71.338,2451,6156,1
52.41,720,918,1
57.608,2036,1152,1
54.467,2057,805,1
49.372,673,156,1
73.105,1924,2060,1
57.246,1825,1020,1
55.828,1861,264,1
50.203,685,80,1
49.852,700,136,1
58.469,2165,4560,1
50.042,719,759,1
57.382,1991,1080,1
54.139,1943,392,1
54.803,2188,217,1
53.314,2106,375,1
56.201,2222,847,1
97.526,1870,1786,1
53.879,2323,254,1
59.428,2279,2730,1
59.12,2135,44,1
59.554,2018,2592,1
56.907,2145,465,1
75.289,2248,1635,1
53.176,1046,611,1
48.397,672,468,1
59.552,1835,1410,1
55.869,1952,1456,1
74.545,1969,4485,1
55.146,1810,1020,1
76.125,1886,3894,1
58.203,1986,216,1
52.847,791,99960,1
61.915,2288,4867,1
54.037,1980,688,1
54.13,2125,1179,1
79.506,1984,2442,1
51.617,675,117,1
69.578,2100,2376,1
93.239,2138,819,1
57.754,1976,147,1
55.119,2173,1089,1
63.226,1864,192,1
54.98,2406,872,1
48.759,703,238,1
81.946,1979,752,1
53.927,2117,62,1
63.815,2671,282,1
54.693,2207,91,1
74.826,2175,1274,1
57.694,2090,1378,1
54.726,2424,230,1
54.79,2074,356,1
55.452,1912,1411,1
59.341,1848,792,1
76.292,1780,4320,1
89.762,1903,3161,1
54.364,2628,226,1
62.316,2298,954,1
55.5,1962,1092,1
59.826,2147,2704,1
56.936,2236,728,1
52.683,649,92412,1
74.203,1790,4532,1
55.261,2608,540,1
59.652,2140,1998,1
59.879,2249,2781,1
55.077,1933,184,1
56.845,2261,111,1
64.499,2199,232,1
59.723,2242,840,1
59.597,2376,530,1
54.381,697,111,1
97.58,2245,2352,1
54.419,2037,832,1
59.892,2327,808,1
55.901,2240,1248,1
58.339,2671,620,1
58.216,2089,540,1
60.02,2057,2652,1
53.283,519,136950,1
86.175,2176,5412,1
60.925,2406,728,1
65.5,3039,314,1
51.291,854,1232,1
74.843,2107,6576,1
55.449,2395,284,1
64.977,2425,256,1
62.996,1965,4216,1
58.637,2452,456,1
55.644,1913,120,1
92.941,2203,3248,1
64.055,1991,202,1
51.629,739,288,1
79.291,2786,2448,1
99.41,2128,10011,1
55.971,1930,490,1
54.781,1840,376,1
58.768,2439,3144,1
58.107,1846,1428,1
59.995,2232,2834,1
57.983,2368,1332,1
59.609,2010,1748,1
56.338,2334,1392,1
51.03,691,216,1
63.824,2018,2244,1
54.623,2034,404,1
51.898,723,918,1
55.907,1810,1440,1
58.354,4158,2340,1
89.83,2273,3776,1
77.433,1937,2208,1
58.889,2219,2640,1
53.958,548,70488,1
88.921,2253,1744,1
55.02,1855,220,1
59.227,2062,828,1
64.656,2520,266,1
73.814,1977,800,1
65.076,2216,234,1
53.874,1891,395,1
56.989,2017,2415,1
49.952,720,612,1
76.652,2215,2507,1
75.469,2120,2288,1
55.363,2019,164,1
58.329,2265,1274,1
76.578,2336,1744,1
101.687,2238,80,1
97.451,2141,6750,1
59.357,2270,1695,1
56.682,2056,1414,1
62.456,2277,1890,1
59.539,2109,2706,1
59.268,2274,2415,1
58.559,1904,1079,1
59.822,1950,2425,1
59.519,2264,1378,1
75.654,1874,511314,1
54.984,3769,14,1
50.225,725,408,1
77.49,2098,1164,1
61.986,1872,2565,1
49.346,692,180,1
49.627,673,76,1
59.686,2168,2652,1
80.404,2273,2800,1
55.965,4207,79,1
59.383,1969,2975,1
55.307,2486,43,1
59.603,2051,3000,1
55.615,2148,384,1
54.447,2200,306,1
59.408,1939,840,1
54.367,2099,440,1
59.641,2188,1976,1
56.2,2120,1183,1
57.707,1900,990,1
57.153,2205,1957,1
56.053,2776,1488,1
51.217,709,910,1
88.35,2164,2080,1
58.223,3549,740,1
56.944,1962,1564,1
55.459,1886,981,1
59.653,1965,2511,1
64.321,2419,972,1
75.872,2105,1067,1
55.288,2032,445,1
55.499,2692,1200,1
59.466,2212,2596,1
59.768,2088,2548,1
59.935,2114,2730,1
62.645,2171,4620,1
58.272,2042,455,1
49.355,701,231,1
72.651,2226,1188,1
55.067,1923,372,1
59.525,1875,624,1
75.25,1794,1305,1
62.462,1903,1780,1
64.131,2080,220,1
57.647,2564,1440,1
74.333,2110,5456,1
88.117,2216,9520,1
55.576,1887,595,1
59.563,1769,5600,1
58.793,2002,2057,1
64.709,2140,226,1
54.468,2296,872,1
57.296,2115,204,1
62.234,1807,4900,1
59.415,2096,3219,1
90.503,2317,2376,1
55.997,2274,1260,1
102.238,2308,412,1
56.55,30008,9395,0
56.459,2233,1236,1
48.646,521,127170,1
55.057,1833,255,1
54.141,1812,375,1
77.818,2054,930,1
82.241,2262,119952,1
50.691,776,340,1
51.561,748,209294,1
56.636,1872,870,1
59.665,1985,2964,1
60.167,2031,2024,1
59.571,2075,1372,1
57.593,2109,2575,1
86.655,2252,7548,1
57.576,2148,2163,1
62.338,2551,4624,1
59.657,1984,1222,1
63.483,2957,300,1
57.871,2264,3393,1
63.835,2192,11122,1
85.442,1902,2070,1
57.327,2303,1287,1
56.296,1933,1316,1
68.052,1864,7068,1
58.322,2220,2100,1
59.265,1866,546,1
58.403,2258,2650,1
59.169,1860,1079,1
88.848,1841,1890,1
59.704,2162,2688,1
66.033,1692,8255,1
59.362,2144,2184,1
59.374,2153,590,1
72.831,1889,3255,1
50.639,521,114624,1
92.061,1927,540,1
54.001,2064,416,1
53.989,1764,99,1
57.428,2182,455,1
54.086,1863,82,1
58.724,2143,3074,1
69.026,2086,7344,1
53.312,1829,475,1
75.43,1843,9024,1
54.042,1909,127,1
54.567,2183,345,1
53.598,2221,651,1
57.26,3090,426,1
49.672,739,416,1
57.717,2190,510,1
54.069,2236,540,1
59.437,2003,4255,1
58.803,1828,712,1
59.543,1878,4012,1
61.328,1956,3570,1
54.724,2516,372,1
49.299,744,416,1
73.263,1945,4020,1
62.321,2217,234,1
49.083,737,320,1
95.301,2227,686,1
81.332,3207,1208,1
61.956,1989,210,1
73.474,2083,485,1
62.115,2400,4352,1
58.984,2274,630,1
54.323,2463,284,1
59.353,2053,4140,1
53.887,2260,309,1
53.096,2410,655,1
63.734,2117,3224,1
54.646,1936,1092,1
59.231,2235,1664,1
68.577,2407,5436,1
64.077,2411,546840,1
59.532,1929,4074,1
58.987,2172,1926,1
81.117,2400,904,1
50.649,794,272,1
77.311,2054,930,1
55.447,3000,338,1
59.392,2187,1089,1
54.585,2302,684,1
53.398,2138,536,1
58.579,1775,1392,1
59.577,2110,2704,1
52.093,692,722,1
57.77,2939,655,1
53.541,2018,186,1
54.054,1862,738,1
56.66,2186,1224,1
54.627,3186,1960,1
54.266,1856,400,1
50.016,707,1190,1
57.739,1862,415,1
59.973,2142,2574,1
69.576,1835,1674,1
59.463,1898,410,1
55.841,2159,808,1
57.757,2111,470,1
53.54,1942,1080,1
56.9,2191,720,1
63.584,2484,262,1
75.908,2224,2508,1
59.001,634,50,1
54.834,2006,873,1
89.67,2841,2340,1
55.635,2210,1236,1
58.242,1956,234,1
57.234,2016,1140,1
65.709,2147,447585,1
53.751,2050,530,1
53.357,1945,110,1
57.618,2110,440,1
59.73,2260,2825,1
56.54,2454,1529,1
59.387,1855,783,1
50.515,669,42,1
57.234,1885,1066,1
58.186,2038,1330,1
59.617,2044,890,1
49.724,738,315,1
48.392,709,66,1
58.65,2182,3648,1
49.325,733,984,1
58.935,2075,1932,1
59.673,2044,528,1
56.658,2028,1116,1
61.13,2192,2368,1
55.615,2241,284,1
53.448,2125,244,1
60.71,2258,1352,1
59.644,2063,4160,1
51.465,878,902,1
56.344,1790,574,1
63.222,2153,228,1
55.446,2276,1284,1
57.829,2939,655,1
56.627,1832,1700,1
50.023,639,46,1
80.362,2308,2938,1
86.903,2038,7182,1
53.977,2116,130,1
73.504,2045,2800,1
54.629,926,4672,1
55.821,1948,222,1
64.207,3151,332,1
59.906,2085,5180,1
52.685,703,918,1
78.101,1987,1746,1
57.37,2242,1261,1
59.634,2067,5324,1
67.067,2169,11242,1
59.809,2104,2652,1
88.785,2146,2700,1
59.48,2037,873,1
59.739,2196,2835,1
56.621,2750,847,1
55.854,2157,1212,1
57.483,2429,3780,1
57.415,1927,1092,1
48.755,726,408,1
75.65,2180,5265,1
63.612,3293,334,1
59.613,2117,2176,1
73.249,2298,2289,1
69.883,1796,1785,1
54.74,1947,369,1
58.416,2035,602,1
64.136,3526,370,1
74.289,2000,6174,1
59.622,1956,3400,1
53.963,2143,728,1
55.083,2231,196,1
50.414,708,396,1
49.943,876,36,1
71.104,2908,2814,1
59.531,2239,2484,1
55.302,2181,2438,1
59.45,2136,1649,1
56.228,2248,2970,1
54.135,2061,94,1
57.448,1853,1020,1
59.868,2208,1386,1
54.008,2199,242,1
59.487,1890,913,1
63.692,2401,256,1
59.456,2023,3074,1
67.895,1943,10064,1
59.321,2124,2525,1
74.608,2323,1568,1
57.597,2154,345,1
59.142,2223,1919,1
54.494,1878,721,1
57.395,1824,1027,1
64.135,2134,226,1
87.841,2125,3354,1
59.544,2086,2673,1
59.376,1974,1540,1
58.809,2361,2451,1
60.937,1883,1305,1
58.181,1999,445,1
52.833,710,363,1
59.973,2236,2781,1
65.564,1892,493200,1
73.869,2246,2142,1
50.973,699,1020,1
49.606,702,175,1
57.54,2070,3296,1
54.972,2146,352,1
59.65,2174,7791,1
56.014,2239,784,1
55.541,2074,658,1
65.117,6100,644,1
54.992,2309,303,1
56.226,2095,2178,1
57.19,2294,290,1
56.502,1939,1092,1
49.209,668,273,1
49.559,734,495,1
59.8,1836,2322,1
52.529,947,1188,1
63.117,2219,234,1
77.36,1971,305860,1
59.396,2342,146,1
51.014,746,420,1
52.653,646,170016,1
55.667,3198,450,1
69.486,2049,11076,1
56.22,1940,1080,1
59.387,2201,2023,1
63.781,3751,400,1
59.332,1997,445,1
56.747,2034,1000,1
59.575,1781,2288,1
72.652,1872,366282,1
92.437,1974,756,1
73.445,2065,2828,1
52.814,937,202391,1
54.671,2423,826,1
64.06,2141,226,1
69.462,2545,3312,1
80.961,2067,8060,1
62.014,2209,4070,1
59.638,1893,2418,1
80.462,2207,2180,1
61.783,1862,3955,1
57.414,2102,1183,1
55.615,2186,1624,1
48.565,670,84,1
59.371,2132,1026,1
57.852,1970,1105,1
59.468,2132,2100,1
59.336,2110,1001,1
57.619,2232,1261,1
55.393,2177,666,1
59.357,2249,3180,1
50.519,670,1960,1
52.848,595,181485,1
59.268,1795,400,1
54.147,2164,742,1
56.949,2110,404,1
54.083,1946,184,1
54.046,3294,274,1
87.065,2169,864,1
54.799,2655,390,1
73.305,2141,1330,1
73.893,2283,4838,1
55.312,2045,1144,1
58.566,2399,363,1
54.684,1976,873,1
57.249,3156,1800,1
59.826,2259,2835,1
59.096,1955,2871,1
59.705,2222,2943,1
59.371,2220,1819,1
59.66,2227,2835,1
59.737,1990,1335,1
59.389,1967,1275,1
87.313,2599,3174,1
59.644,2156,2754,1
48.919,692,925,1
49.431,728,495,1
72.992,2018,5124,1
49.936,662,42,1
59.664,2272,4180,1
59.572,2123,244,1
94.898,2045,12060,1
78.499,2342,2014,1
53.941,1829,291,1
69.139,2061,11583,1
55.577,2243,120,1
50.417,521,146523,1
57.163,2175,1408,1
57.931,2266,1616,1
50.448,716,1517,1
59.486,2073,2884,1
73.024,2085,2808,1
58.164,2182,1224,1
50.201,738,136,1
54.732,1770,172,1
58.37,2317,4756,1
63.564,2046,216,1
57.174,2161,1482,1
62.291,1962,4176,1
54.757,740,82992,1
73.549,2257,1210,1
57.933,2166,3328,1
58.627,2053,3286,1
58.013,2217,1248,1
78.131,1958,957,1
64.579,1913,4070,1
74.976,2018,3737,1
54.865,2245,693,1
59.748,2178,2856,1
56.371,2431,1344,1
59.984,1909,2418,1
54.289,1971,276,1
49.574,688,1368,1
59.559,1965,2325,1
54.716,4097,29,1
76.927,1994,3740,1
86.338,2249,2398,1
53.997,30330,82,0
79.763,2183,212,1
64.91,1942,202,1
64.109,2126,224,1
59.638,1924,2392,1
63.83,2217,234,1
59.593,1964,736,1
59.756,2230,2808,1
53.93,2020,166,1
54.915,2555,565,1
54.093,2386,516,1
57.952,2555,1430,1
59.513,1934,3885,1
58.164,2259,3616,1
59.709,1942,4120,1
59.233,1939,3520,1
87.165,2148,2675,1
92.227,2511,5676,1
52.586,685,3430,1
84.937,1889,3672,1
59.212,2027,1938,1
59.07,2172,2968,1
84.653,1926,5040,1
63.291,2004,210,1
85.427,2535,2944,1
59.56,1960,2438,1
56.873,2841,1524,1
53.886,2197,279,1
47.007,523,98518,1
57.383,1992,3104,1
58.643,1916,1144,1
56.565,2568,756,1
52.731,1973,445,1
53.737,2446,496,1
58.005,2769,882,1
54.056,3091,1032,1
54.687,2731,46,1
54.177,2416,735,1
70.552,2117,1692,1
61.85,2101,224,1
52.796,2063,558,1
48.183,702,1044,1
70.638,2508,7938,1
54.012,2854,29,1
60.64,2000,4257,1
59.409,2230,600,1
60.596,2028,1728,1
59.536,1885,2444,1
51.435,728,363,1
72.171,1996,4092,1
75.679,1832,2289,1
59.395,2024,2277,1
53.749,2125,252,1
58.215,2441,4064,1
69.586,2206,2100,1
59.466,2161,4440,1
59.252,1853,1566,1
69.937,2168,2508,1
52.469,1932,475,1
73.769,1887,1274,1
58.917,2469,1972,1
73.718,2128,909,1
73.29,2099,1957,1
55.627,2441,1365,1
59.386,1872,623,1
64.626,2902,306,1
59.62,2220,2912,1
59.827,2237,2834,1
89.186,2033,594,1
55.896,2277,1284,1
74.1,2156,2354,1
54.364,1870,588,1
54.188,1993,651,1
59.566,1828,264,1
54.566,1941,258,1
54.037,2182,384,1
76.948,2788,5217,1
71.114,2022,1615,1
56.946,2547,1443,1
59.758,1893,1692,1
86.147,2056,2475,1
59.719,2332,2970,1
57.209,2342,1272,1
56.752,2690,854,1
75.785,2192,1802,1
54.148,2303,1836,1
55.397,2190,721,1
55.269,2234,333,1
48.732,691,37,1
54.497,1980,644,1
47.745,767,39,1
59.355,2273,366,1
47.976,769,180,1
53.82,1796,1620,1
57.756,2130,440,1
59.084,2120,910,1
63.304,2194,232,1
58.042,2202,3050,1
57.453,2171,3379,1
56.595,2146,1212,1
53.809,2276,749,1
58.913,2041,242,1
61.809,1858,972,1
79.026,2250,2163,1
59.905,1941,2464,1
59.488,1781,1638,1
53.349,1822,248,1
58.727,2239,420,1
49.311,710,66,1
59.173,2203,145,1
73.54,2186,1034,1
56.1,937,92974,1
54.034,2432,216,1
57.715,2534,2552,1
57.251,2105,720,1
59.66,2111,728,1
63.323,2118,222,1
59.779,2131,2704,1
51.231,681,1763,1
56.205,2263,525,1
50.821,698,875,1
59.779,2003,2450,1
55.52,1989,174,1
48.134,710,66,1
61.684,2017,1235,1
49.137,676,1950,1
59.519,2213,3472,1
50.825,831,185,1
52.788,706,103846,1
54.917,1956,582,1
57.576,2241,3488,1
57.131,2139,147,1
59.456,1914,1824,1
59.201,1992,688,1
56.039,2214,855,1
59.549,2237,1331,1
56.119,1849,492,1
54.483,2085,1152,1
49.091,702,962,1
53.705,2287,520,1
87.348,2285,2354,1
78.353,1961,9240,1
56.488,2242,1261,1
62.107,2104,220,1
59.771,1870,2247,1
54.276,2149,950,1
72.96,1949,4028,1
59.191,1944,216,1
62.875,1975,204,1
48.702,708,495,1
54.29,2013,303,1
78.9,2007,208,1
59.638,1851,498,1
96.244,1769,546,1
59.472,1951,2632,1
59.53,1705,1080,1
59.749,2028,1023,1
78.739,1914,1190,1
59.422,1796,2760,1
58.76,2034,1598,1
55.011,2718,2793,1
54.907,2033,500,1
67.444,2782,655,1
52.721,721,918,1
56.145,1960,2121,1
58.159,2215,777,1
73.981,2316,7150,1
55.517,2537,1416,1
64.209,2155,3402,1
51.012,725,476,1
53.349,2099,1001,1
52.991,2155,392,1
61.096,1851,968,1
57.179,2171,636,1
59.734,2314,2938,1
61.557,2879,292,1
49.325,703,504,1
52.785,1867,148,1
53.983,2465,236,1
58.055,2829,1974,1
55.276,2639,1476,1
56.022,1902,1305,1
53.355,1792,714,1
59.829,2253,2940,1
53.593,2195,115,1
57.023,2394,3680,1
53.979,2061,87,1
59.068,2075,1020,1
74.357,1948,2100,1
58.901,2227,2074,1
59.316,1978,704,1
56.363,2066,1128,1
59.015,1976,1710,1
50.194,744,416,1
51.808,758,285739,1
59.732,1786,1204,1
62.108,2343,4248,1
59.733,2246,2808,1
49.425,746,224,1
59.654,2198,2205,1
55.33,2065,448,1
48.766,687,228,1
49.598,689,3080,1
59.339,2198,2060,1
92.976,2099,8432,1
74.356,2382,3751,1
59.418,1921,1008,1
59.648,2130,4551,1
57.978,2063,1157,1
54.83,2007,651,1
54.548,1741,234,1
48.691,742,495,1
58.79,2139,336,1
59.612,2195,693,1
74.331,2183,3531,1
57.756,2027,309,1
68.645,2061,485,1
59.798,2130,2673,1
59.657,1933,2470,1
63.406,2084,220,1
63.68,2142,220,1
59.739,2217,2782,1
75.807,1963,3696,1
77.278,2131,1872,1
58.355,2244,48,1
57.502,1944,860,1
49.553,545,144144,1
50.698,671,2870,1
68.55,1946,1045,1
56.209,3156,2516,1
54.17,3281,73,1
56.215,1875,560,1
59.61,2131,2730,1
54.303,2868,1078,1
54.841,1924,1068,1
55.295,2242,1248,1
80.977,1958,744,1
59.824,1874,3960,1
54.564,2555,1694,1
59.538,1935,303,1
59.488,2141,2376,1
59.781,2247,4830,1
47.908,639,120700,1
59.575,2154,2438,1
55.3,2439,242,1
59.005,2239,342,1
55.103,2095,348,1
71.677,1977,1056,1
55.64,3028,1680,1
59.369,1856,3296,1
55.493,1878,336,1
59.283,2210,2457,1
53.785,2340,33,1
57.819,1852,1290,1
54.362,3485,1197,1
59.481,1959,1980,1
59.65,2221,832,1
54.579,1987,390,1
50.153,715,918,1
70.375,2377,2300,1
59.488,1906,2093,1
59.363,1966,2124,1
59.717,1881,2403,1
56.511,2076,1717,1
88.6,1629,282095,1
60.283,1980,1365,1
58.795,1984,4635,1
55.72,2396,1836,1
59.661,2151,4578,1
59.688,1898,4712,1
55.832,1996,1116,1
73.725,2086,891,1
63.321,2046,216,1
59.866,2152,4680,1
57.84,2045,455,1
54.153,2206,101,1
64.536,3163,2256,1
51.954,758,429,1
78.539,2136,228,1
55.41,2232,615,1
59.333,2124,1530,1
53.792,1834,728,1
58.474,2047,1564,1
58.958,2398,2464,1
59.558,1878,2660,1
73.941,2044,873,1
72.406,2244,1936,1
53.749,2220,400,1
53.899,1843,200,1
65.708,2040,2600,1
53.718,1819,117,1
53.789,2503,184,1
84.859,1847,13617,1
78.377,3025,2641,1
56.145,1411,224983,1
84.281,1927,5060,1
60.716,2124,10720,1
56.803,2612,896,1
59.264,2230,2184,1
55.764,2146,1200,1
56.575,2265,1224,1
59.592,2295,2800,1
57.227,2022,450,1
59.343,2190,800,1
53.222,2139,248,1
59.551,2247,558,1
59.567,1754,1802,1
56.314,1974,595,1
72.351,2279,4445,1
73.195,1765,3648,1
56.247,2106,288,1
54.856,1945,122,1
59.455,2151,2525,1
52.538,719,384,1
56.459,2198,970,1
53.774,1709,135,1
59.411,2053,2254,1
56.203,2206,920,1
59.522,1900,1275,1
76.7,1867,196,1
54.226,1933,153,1
62.606,2642,268,1
49.593,693,168838,1
55.615,1916,158,1
56.38,2136,179,1
52.296,2193,260,1
56.329,2112,1196,1
53.117,2329,312,1
58.1,2146,6678,1
56.252,1987,1118,1
58.092,1970,1920,1
52.583,2070,826,1
59.292,2248,1010,1
59.547,2203,2808,1
64.843,2160,8690,1
59.551,2052,2744,1
62.231,1978,204,1
56.456,2542,286,1
76.168,2996,2961,1
55.448,2728,500,1
52.315,2062,178,1
59.444,1751,4218,1
59.611,2007,752,1
55.771,2161,637,1
56.792,2087,356,1
71.608,3427,4617,1
59.415,2169,3193,1
59.455,2289,545,1
59.32,1995,979,1
53.18,1949,380,1
72.532,1831,2147,1
59.347,1947,609,1
59.51,2225,2834,1
54.251,2025,1128,1
61.666,2066,218,1
60.783,2505,714,1
86.938,2284,2247,1
53.209,1935,104,1
56.682,2606,580,1
59.106,2217,1785,1
58.027,2130,2520,1
61.483,1852,194,1
59.853,2117,2369,1
89.201,2012,522,1
55.158,2403,1344,1
59.964,2205,324,1
54.066,2408,232,1
59.291,2071,1785,1
80.777,2094,39754,1
59.161,1929,1012,1
48.597,681,518,1
59.158,2095,1000,1
52.776,30049,241,0
61.478,2273,240,1
55.336,2596,284,1
54.086,2039,1140,1
54.022,2190,1212,1
60.819,2201,232,1
56.184,2182,455,1
72.834,1949,2668,1
59.651,2174,2727,1
59.285,2176,576,1
62.658,2579,272,1
54.903,2017,1128,1
59.789,2271,1785,1
48.242,744,124,1
48.83,763,170,1
59.563,2225,2834,1
59.465,2210,2299,1
59.684,2198,4746,1
71.338,2393,3224,1
56.15,1885,910,1
56.683,2086,623,1
59.253,2160,147,1
66.58,2147,505,1
59.239,2097,2450,1
62.436,2742,290,1
48.476,788,27,1
62.074,2288,244,1
58.185,2121,2520,1
54.042,2014,552,1
56.699,2195,1235,1
71.465,2124,5069,1
52.599,821,217266,1
59.673,2060,4480,1
57.81,1952,624,1
62.647,2169,224,1
54.042,1861,752,1
59.735,1753,891,1
57.557,3361,700,1
87.619,2191,2106,1
92.905,2281,10230,1
55.231,1960,1105,1
59.578,1845,1720,1
60.84,1852,2884,1
59.454,1965,2090,1
53.957,2137,246,1
58.73,1899,2457,1
97.096,2325,4248,1
87.068,2220,2184,1
53.832,1827,122,1
73.525,2121,528,1
59.661,579,90692,1
59.319,1873,946,1
59.655,2111,5800,1
59.653,2208,1100,1
55.813,2483,2023,1
54.333,1939,123,1
74.789,2187,1330,1
56.205,910,145323,1
59.509,1930,450,1
55.622,1855,2450,1
49.714,700,1505,1
54.563,3050,370,1
75.641,1997,3744,1
82.534,2346,1976,1
53.98,2206,582,1
56.395,2184,520,1
53.986,1822,445,1
56.448,2226,749,1
59.172,2352,1428,1
85.242,2293,102,1
55.654,2382,1284,1
56.157,2234,1260,1
58.284,2177,612,1
48.656,677,680,1
59.363,1942,1320,1
59.425,1801,2639,1
55.785,2052,100,1
58.117,2193,432,1
63.199,2331,246,1
59.314,2204,4318,1
74.472,2196,5576,1
59.403,2147,2520,1
59.628,1893,1455,1
57.907,1924,680,1
63.084,1858,196,1
59.748,2189,4270,1
47.882,657,44,1
59.271,2061,1938,1
50.607,739,416,1
58.901,1750,846,1
53.915,2213,1500,1
61.541,2255,4795,1
58.656,2206,3672,1
56.067,1767,182,1
59.413,2049,810,1
98.149,2405,2875,1
87.404,2131,5684,1
75.479,2192,1045,1
54.722,2546,387,1
54.47,1916,297,1
48.478,680,1287,1
58.902,2293,816,1
59.507,2225,1056,1
52.767,1802,152,1
55.414,2315,272,1
54.315,2192,444,1
85.441,2036,7473,1
53.82,2235,660,1
59.629,2187,4235,1
59.379,2219,1717,1
58.827,2626,1952,1
58.216,2938,2048,1
61.702,2019,4294,1
56.577,2069,480,1
50.538,841,1247,1
59.48,2018,2943,1
48.332,707,306,1
49.985,700,74,1
59.374,2235,2268,1
59.475,2227,2835,1
57.105,2029,1140,1
60.566,2171,1836,1
54.334,1804,900,1
62.557,1891,200,1
48.913,706,714,1
77.908,2477,1368,1
53.071,2498,238,1
77.477,2592,270,1
58.424,1897,720,1
59.379,1999,2568,1
55.451,2083,1157,1
59.424,1881,2208,1
71.167,2363,6720,1
56.147,697,72,1
54.481,1978,282,1
55.72,1813,574,1
49.499,681,1702,1
77.779,2281,68237,1
61.585,2031,4248,1
52.728,737,416,1
53.884,2157,196,1
60.165,1799,1548,1
84.525,2257,5929,1
88.288,2113,112800,1
59.831,1819,2185,1
63.044,2235,236,1
54.217,1931,41,1
57.268,2120,2266,1
52.162,596,163081,1
54.146,3570,800,1
49.894,628,3078,1
62.517,2197,232,1
59.269,2204,3105,1
59.985,2197,990,1
50.214,830,494,1
55.474,2217,1717,1
73.808,2112,882,1
55.377,2574,944,1
78.126,2352,1070,1
54.685,2238,224,1
62.568,2266,240,1
57.053,1953,581,1
57.102,2208,1236,1
56.65,2245,1854,1
58.488,1942,81,1
75.411,2162,3990,1
61.604,1993,1183,1
59.563,2268,2889,1
95.91,2606,1770,1
56.574,2163,1122,1
48.578,730,217,1
55.867,3299,648,1
54.818,2508,826,1
66.706,2867,4368,1
60.117,2233,2684,1
59.372,2297,1908,1
49.85,872,252,1
64.922,3784,4209,1
65.519,2516,1936,1
54.414,1850,255,1
59.375,2071,1078,1
52.577,678,126811,1
57.477,2247,721,1
58.036,2059,1358,1
84.255,2159,1313,1
60.675,688,1258,1
55.677,2933,432,1
59.412,2264,4500,1
56.256,2297,990,1
56.323,2263,1260,1
59.593,2220,2916,1
64.995,3368,356,1
56.943,2324,1284,1
78.69,1956,104400,1
59.806,1854,3672,1
71.733,1885,2200,1
101.705,2139,5504,1
53.982,1864,116,1
85.487,2270,101,1
59.586,2245,2916,1
51.054,765,82,1
62.498,2089,4445,1
57.321,2408,324,1
52.296,679,249502,1
58.064,1960,1302,1
49.687,698,936,1
54.907,2235,276,1
55.565,1991,348,1
87.403,2389,65,1
58.217,2880,1620,1
55.918,1979,69,1
59.567,2255,560,1
57.885,1855,688,1
59.607,2075,1440,1
55.786,3089,1370,1
58.977,2254,448,1
59.535,1816,560,1
55.063,2139,1344,1
54.55,2139,436,1
55.743,2028,672,1
56.54,1879,492,1
62.431,1976,1034,1
58.27,2402,714,1
54.961,3043,684,1
59.282,2044,1300,1
72.847,2168,1152,1
76.675,2137,6832,1
51.468,800,851,1
54.982,2260,763,1
54.46,2082,143,1
54.499,3131,38,1
59.562,2122,2541,1
75.726,2045,1692,1
55.532,2170,1222,1
56.217,2020,330,1
82.428,1882,2280,1
59.728,1945,2511,1
57.06,1920,1953,1
58.268,2422,3630,1
55.961,2042,1683,1
50.444,520,143170,1
60.366,1781,5152,1
49.954,711,231,1
93.345,1878,546,1
59.111,2161,1410,1
59.564,2203,2808,1
60.775,2038,2346,1
58.675,2289,2599,1
81.171,2345,242,1
64.022,1778,188,1
49.908,813,66,1
56.457,1804,1140,1
58.595,2109,1584,1
53.375,659,93840,1
55.289,2196,540,1
58.023,2228,1248,1
57.952,2188,1188,1
73.838,2215,3432,1
50.127,697,1296,1
55.527,1974,388,1
55.467,2124,292,1
49.508,715,462,1
84.65,1873,765,1
57.42,2133,1164,1
59.545,2072,2884,1
57.232,2328,117,1
59.63,2115,4725,1
54.435,5389,50,1
54.598,3142,38,1
59.392,2100,2940,1
50.238,856,2438,1
69.269,2204,2808,1
49.404,675,902,1
55.179,2089,254,1
59.485,1767,4329,1
70.312,1796,182,1
56.096,1854,680,1
52.248,616,57190,1
53.061,2103,535,1
54.401,3144,938,1
64.391,1957,4510,1
86.094,1768,3534,1
55.936,2200,1200,1
51.01,705,884,1
57.051,2233,1236,1
57.454,2155,480,1
61.724,1841,194,1
73.488,2119,900,1
57.845,2971,2114,1
57.729,2236,2369,1
59.756,2208,4699,1
54.567,2378,34,1
59.864,2147,1650,1
48.781,690,494,1
54.429,2184,927,1
65.143,2056,3132,1
62.74,1911,202,1
59.564,2229,2808,1
59.384,1801,220,1
55.065,1994,783,1
57.561,2154,500,1
53.91,1745,155,1
78.598,2165,980,1
55.958,1783,79,1
62.79,2171,918,1
56.938,2016,2884,1
53.735,2337,140,1
59.593,1921,550200,1
54.802,5077,648,1
56.407,2132,199,1
59.121,1816,1424,1
59.548,2018,2325,1
57.847,2125,940,1
84.467,2359,963,1
59.727,1927,2470,1
59.897,2277,1200,1
57.694,3543,45,1
96.983,1905,1656,1
56.989,2350,1177,1
60.113,1923,801,1
56.132,1991,515,1
57.74,1872,1053,1
57.301,2180,660,1
57.42,2150,396,1
56.877,2215,510,1
54.397,2095,476,1
54.26,1746,1133,1
49.114,730,288,1
57.336,1912,1080,1
63.923,2273,240,1
59.638,2028,2600,1
75.027,2087,3330,1
63.768,2059,1818,1
48.955,693,78,1
54.024,1776,216,1
77.041,2020,1953,1
69.517,1735,4590,1
59.616,2035,2600,1
51.826,703,884,1
57.634,1869,1020,1
55.636,2132,208,1
54.084,2127,130,1
55.107,1872,996,1
89.711,1848,3069,1
59.474,1978,2006,1
58.169,2250,2166,1
58.165,1818,1079,1
58.924,2280,3597,1
57.37,2109,470,1
53.745,2168,624,1
59.633,2100,2023,1
50.583,718,264,1
50.791,827,468,1
59.665,1942,1710,1
59.362,1873,946,1
61.878,2385,2034,1
58.884,1986,1936,1
55.745,3004,1680,1
54.05,2420,605,1
59.595,2251,980,1
54.482,605,170961,1
55.537,2663,2583,1
57.933,2273,1272,1
57.067,1971,1802,1
54.086,2584,1397,1
54.419,1858,95,1
55.713,2173,1176,1
65.603,2076,2968,1
52.955,814,1026,1
59.605,2114,1782,1
61.256,2225,1768,1
67.151,1903,2673,1
60.517,1920,1144,1
56.838,2123,321,1
74.498,2061,1067,1
79.14,1892,1869,1
76.016,2111,2376,1
59.469,2023,2470,1
56.005,1887,1131,1
54.443,2083,735,1
59.477,2084,2256,1
54.954,1934,1020,1
50.013,541,146544,1
57.915,3164,1341,1
73.926,2103,1960,1
54.83,1768,222,1
54.773,3003,384,1
59.789,2067,4515,1
54.102,2211,224,1
63.82,2937,310,1
71.194,2492,1856,1
54.361,1784,111,1
54.785,1835,344,1
51.016,708,165,1
58.09,2582,575,1
50.383,701,840,1
63.491,2245,1920,1
59.5,2173,940,1
52.076,643,146550,1
86.593,2341,16849,1
86.807,2277,980,1
60.014,2212,1700,1
84.341,2178,5720,1
61.352,2272,1212,1
73.925,2084,1140,1
55.35,1949,846,1
66.418,2786,5882,1
59.87,1818,4995,1
60.94,2227,383175,1
48.429,545,145920,1
52.578,675,80,1
50.215,729,1044,1
59.581,2168,2727,1
59.623,1930,1620,1
51.484,762,96,1
51.198,918,22,1
58.418,2228,1248,1
59.339,1939,405,1
57.962,2237,665,1
58.168,1999,455,1
60.555,2145,4485,1
73.956,2046,3042,1
59.462,2300,2700,1
57.026,2673,1495,1
55.162,1995,327,1
61.65,1822,693,1
55.393,1835,132,1
74.681,1775,1040,1
72.901,1840,1344,1
73.939,1746,3610,1
54.872,1839,539,1
58.324,2126,1196,1
57.201,1966,356,1
55.892,2739,476,1
59.531,1825,2544,1
86.635,2056,2475,1
79.187,2573,3168,1
54.874,2093,226,1
66.523,1881,1360,1
59.493,2156,2375,1
59.633,1796,2400,1
95.63,3390,2040,1
58.882,2050,192,1
73.292,2009,3924,1
55.854,2108,1734,1
58.853,2039,2424,1
59.954,2068,2592,1
95.537,2153,47,1
59.94,1681,398784,1
53.746,698,646,1
59.271,1952,2047,1
59.955,1970,2450,1
54.972,1838,158,1
59.388,1980,3848,1
59.614,2022,1425,1
57.231,2115,130,1
57.572,1910,1079,1
59.798,1871,1232,1
58.024,1974,1105,1
55.465,2107,132,1
59.634,1889,210,1
75.074,2083,900,1
60.097,2047,1380,1
73.588,1752,3441,1
58.595,30002,3799460,0
97.555,2282,864,1
57.918,2221,1200,1
59.541,2217,4644,1
82.944,1935,371624,1
59.037,1900,3783,1
65.627,2134,222,1
59.515,2171,2900,1
57.884,1810,1014,1
92.05,2134,960,1
76.1,1870,4551,1
72.916,2055,1488,1
58.323,2180,1287,1
55.108,1779,440,1
59.52,2222,2266,1
79.887,1809,190,1
57.425,1801,567,1
50.219,699,1260,1
55.175,1841,130,1
59.331,2200,102,1
59.125,2089,303,1
57.819,1943,558,1
59.633,2082,2688,1
56.48,1974,1104,1
56.506,2875,1264,1
51.899,702,350,1
59.842,1954,2430,1
59.772,1905,4095,1
59.575,1797,2914,1
49.279,682,760,1
59.861,2318,5040,1
89.741,2209,3680,1
86.181,2091,920,1
59.702,1987,2112,1
59.619,2337,3420,1
73.641,1969,4070,1
55.45,2238,904,1
59.203,2163,1000,1
58.285,3319,3080,1
55.677,2249,1248,1
49.495,739,124,1
59.011,2223,1717,1
53.021,636,64792,1
49.168,643,46,1
50.413,664,1848,1
85.772,1988,4945,1
59.944,1900,4116,1
54.323,2059,535,1
50.099,739,416,1
55.859,2183,436,1
54.67,2661,354,1
55.719,2742,59,1
59.71,1864,2688,1
57.269,1972,1080,1
56.899,2646,640,1
55.674,2418,170,1
59.708,2267,1144,1
56.407,2896,504,1
57.665,3381,332,1
59.497,2212,1995,1
54.819,1737,176,1
58.567,2541,738,1
70.795,2191,2120,1
59.812,2158,1664,1
64.671,2221,234,1
64.094,2188,222,1
64.25,2594,274,1
58.857,2032,602,1
50.991,714,396,1
55.15,3358,860,1
58.757,2361,4060,1
74.802,1937,11856,1
59.708,1909,2457,1
59.316,1912,119,1
89.678,2253,2600,1
54.279,725,330,1
73.288,2200,2438,1
59.586,2195,2704,1
57.654,2075,1140,1
57.15,1993,78,1
60.189,2063,1391,1
59.787,1943,2576,1
51.794,875,675,1
59.894,2106,2673,1
75.323,1808,1953,1
59.491,2139,2040,1
56.347,2103,1176,1
56.56,2132,1680,1
88.218,2282,3441,1
56.268,1836,602,1
52.554,723,45936,1
58.655,1900,1131,1
59.611,2259,2886,1
61.248,1851,4256,1
56.329,2732,744,1
55.814,2484,244,1
52.277,716,736,1
53.09,738,140,1
59.943,2037,2500,1
53.601,719,680,1
56.776,1001,110252,1
59.55,2051,1261,1
58.46,2177,468,1
72.303,2441,1665,1
55.258,866,370,1
55.484,2306,927,1
56.936,2219,1235,1
58.303,2278,475,1
52.377,705,884,1
60.095,1982,2304,1
57.344,2719,3591,1
59.689,2163,2754,1
82.218,1996,206,1
55.796,1676,196,1
63.793,2235,1200,1
100.705,2093,1880,1
62.19,1849,1921,1
82.734,2435,3302,1
58.445,1826,1027,1
54.451,2030,238,1
56.475,2317,1296,1
76.496,3838,2865,1
51.007,790,82,1
55.795,2529,1170,1
59.72,1909,4600,1
64.765,2232,238,1
58.382,1826,1496,1
50.247,724,198,1
59.408,2213,4176,1
58.425,2179,408,1
60.408,1890,504,1
56.507,2025,1428,1
55.473,2050,376,1
58.543,2039,3201,1
55.97,2193,182,1
56.537,2156,424,1
58.626,1944,860,1
64.493,2278,234,1
59.615,1805,2121,1
72.814,2568,11174,1
58.201,2274,963,1
87.929,2092,9313,1
63.024,2120,1089,1
57.13,2250,388,1
55.982,2895,508,1
59.403,2089,1853,1
56.037,2055,309,1
56.948,2903,645,1
51.688,528,104545,1
59.744,2203,2808,1
57.863,2167,111,1
56.404,1956,582,1
55.899,1841,142,1
60.186,2303,1995,1
57.676,2258,2997,1
64.953,2238,230,1
55.553,1850,103,1
60.495,2284,1540,1
59.826,1872,4510,1
59.65,2076,2134,1
78.421,2203,1400,1
57.282,2117,485,1
71.978,2484,5184,1
60.173,2119,2716,1
60.245,2155,6216,1
56.099,2657,71,1
57.711,2016,1131,1
57.785,1863,400,1
51.092,697,2376,1
59.815,2240,2782,1
73.678,2138,546,1
77.1,2187,345,1
56.168,2741,242,1
55.586,2027,388,1
55.091,2123,630,1
48.583,699,144,1
71.922,2185,1746,1
60.216,2183,4620,1
54.981,3580,519,1
63.247,2026,4352,1
59.691,2102,522,1
70.7,2663,726,1
59.542,2148,940,1
57.522,2147,3080,1
56.836,2051,1092,1
59.808,2213,1200,1
59.763,2010,501704,1
55.946,2655,37,1
89.505,1989,1581,1
66.423,5415,572,1
56.872,1857,1780,1
56.15,1937,264,1
56.333,2370,728,1
59.681,1982,1635,1
57.508,2353,258,1
57.803,2363,158,1
50.508,680,78,1
57.243,2265,981,1
59.426,2329,2175,1
57.031,2048,1440,1
81.124,2514,264,1
53.392,690,132160,1
59.438,2027,288,1
52.487,863,1271,1
60.123,2226,4216,1
60.118,2116,2652,1
55.368,2139,288,1
64.959,2749,290,1
58.441,2154,136,1
105.327,1943,337485,1
66.294,2105,218,1
56.762,2625,1254,1
59.634,2000,319950,1
53.689,578,58092,1
59.504,2100,2000,1
54.032,642,133736,1
57.268,1860,1044,1
59.654,2179,345,1
83.629,2668,1392,1
56.739,2017,1128,1
56.177,3463,510,1
59.385,2104,960,1
59.944,1948,2444,1
57.232,2019,1116,1
58.511,2223,1236,1
59.21,1873,1118,1
63.497,2166,333,1
56.056,2133,318,1
99.119,2171,1800,1
61.038,1944,452445,1
57.41,2046,1212,1
59.557,1978,2425,1
58.667,1955,164,1
55.429,1862,704,1
67.059,1927,200,1
53.096,685,1480,1
59.511,2053,2964,1
49.72,663,80,1
55.233,2471,393,1
61.533,2088,1440,1
58.893,2127,570,1
51.593,901,64,1
65.438,2123,222,1
53.053,784,444,1
58.683,1913,1131,1
55.341,2081,1552,1
85.667,2104,873,1
59.422,1974,1881,1
50.451,897,100,1
51.138,714,170,1
59.812,1999,2444,1
58.927,2333,520,1
73.917,1930,8778,1
80.23,2451,1110,1
59.482,1972,5616,1
59.91,2193,4840,1
59.511,1926,2619,1
59.098,2316,684,1
59.801,1886,2418,1
58.818,2168,1524,1
59.523,2297,2160,1
60.291,2230,1133,1
63.946,1857,972,1
59.682,2026,2400,1
54.729,2113,590,1
56.477,1798,108,1
49.772,727,99,1
66.156,2199,1414,1
62.167,2043,9042,1
64.889,2045,2178,1
55.718,2110,129,1
59.825,2182,2781,1
59.972,1919,4066,1
59.631,1802,2520,1
55.169,2090,135,1
52.06,703,1330,1
59.766,2151,2756,1
59.718,1947,2496,1
59.602,1880,3811,1
62.654,2827,1452,1
54.771,539,50058,1
69.23,1866,4346,1
59.678,1867,2340,1
57.323,2089,1176,1
55.905,2559,696,1
54.2,2255,882,1
64.613,2103,222,1
86.408,2211,8670,1
62.271,1949,1144,1
56.545,2266,1274,1
56.519,2539,405,1
86.241,1959,1020,1
65.993,2197,228,1
54.893,1962,192,1
59.543,1980,4320,1
56.625,2205,1957,1
55.243,1988,117,1
50.388,522,116261,1
49.338,732,99,1
64.744,3726,378,1
57.688,2017,1944,1
55.255,2086,180,1
56.92,1966,135,1
51.549,873,494,1
59.612,2224,4752,1
58.064,2158,3024,1
59.576,2243,2882,1
58.134,1998,3072,1
58.254,2370,236,1
56.124,2305,520,1
56.383,2322,575,1
59.47,2200,855,1
59.598,1867,1700,1
108.295,2054,2646,1
60.517,2083,4480,1
59.642,1730,2548,1
75.189,1924,2046,1
81.559,2268,2240,1
55.469,2402,1353,1
74.153,2233,2080,1
76.204,1988,2266,1
56.045,2703,240,1
55.108,2275,65,1
64.985,1796,190,1
61.906,1969,491663,1
54.982,2381,2415,1
56.067,2783,1500,1
48.353,661,88,1
78.724,2790,3197,1
57.059,2082,1728,1
55.694,2648,476,1
59.722,1876,2492,1
58.524,1809,380,1
85.83,2074,287984,1
59.77,2037,672,1
59.616,1856,2782,1
59.411,2019,3069,1
54.898,2041,545,1
64.586,2124,1000,1
56.628,2511,1404,1
59.856,2191,2725,1
59.422,2243,564,1
58.065,2163,1222,1
50.8,719,429,1
74.293,1981,846,1
55.388,2264,624,1
69.573,1994,470,1
58.159,2110,1248,1
59.92,2262,2575,1
58.581,2124,720,1
58.44,2288,1287,1
64.751,4576,482,1
59.3,2191,327,1
60.059,2279,2675,1
59.458,2269,2507,1
59.502,2192,2200,1
76.72,2537,1596,1
64.993,2218,1045,1
88.238,2374,10584,1
58.431,1917,445,1
65.046,2806,2272,1
56.435,719,660,1
72.855,2150,4191,1
78.426,2131,891,1
56.494,1966,157,1
55.554,1799,202,1
56.222,2182,448,1
87.434,2388,10650,1
59.664,1987,2484,1
58.209,2080,1176,1
59.607,2200,2916,1
59.493,1747,474,1
52.238,601,5952,1
58.096,1905,164,1
58.356,1865,516,1
54.272,2351,117,1
58.783,1843,1275,1
59.583,2177,1760,1
54.233,2284,376,1
56.455,2647,1464,1
51.245,687,74,1
50.085,709,910,1
59.453,1799,2520,1
53.586,682,43290,1
49.839,738,84,1
67.054,2636,2074,1
54.686,2092,312,1
58.354,1941,336,1
56.304,2232,1248,1
58.219,2194,505,1
59.851,2219,2860,1
59.905,2163,1100,1
60.447,1940,508234,1
52.79,712,816,1
59.958,1895,810,1
50.997,718,986,1
53.866,724,544,1
58.497,1970,410,1
59.882,2221,4826,1
58.22,2230,465,1
55.744,2158,612,1
51.048,739,416,1
51.052,715,76,1
50.584,766,30,1
59.799,2222,2781,1
64.181,2387,252,1
55.127,2040,744,1
79.254,2152,6500,1
55.806,2950,1206,1
55.726,1917,1068,1
59.507,1957,3630,1
56.519,2501,1200,1
68.191,2038,2619,1
59.261,2051,990,1
59.619,2198,2808,1
58.691,1948,810,1
58.045,2278,3680,1
59.413,2066,2835,1
78.118,2157,15540,1
57.692,2043,1128,1
77.234,2102,464758,1
59.534,1996,623,1
58.148,1941,1144,1
59.644,2158,3240,1
56.343,2761,232,1
55.594,1951,80,1
59.428,2378,927,1
52.79,735,416,1
100.914,1883,2256,1
72.915,1835,6405,1
81.309,2187,2080,1
59.598,2164,1045,1
55.309,1786,425,1
59.921,1912,1008,1
58.06,1861,1044,1
55.86,1954,644,1
71.828,2486,2875,1
56.642,2082,1157,1
59.527,2116,2650,1
89.362,1848,2914,1
65.406,2027,214,1
56.637,2404,678,1
59.39,2197,776,1
93.913,1994,783,1
59.584,2020,2619,1
51.981,700,74,1
59.668,2126,4640,1
58.34,2132,1200,1
56.637,2150,1818,1
59.408,1802,3312,1
56.008,3236,278,1
56.665,2189,1224,1
59.531,2244,2825,1
49.365,705,175,1
57.827,1872,1056,1
59.49,2181,2332,1
56.068,2237,1236,1
90.387,2297,600,1
55.288,1864,405,1
54.612,1888,316,1
52.372,521,124179,1
58.855,2133,3564,1
60.6,2251,2640,1
55.382,2105,303,1
58.658,2268,505,1
59.578,2241,4788,1
57.605,2000,1092,1
93.095,2219,3248,1
62.434,1968,2046,1
77.154,2166,1100,1
52.788,765,245,1
61.34,2172,1666,1
59.997,2003,1056,1
58.591,1960,455,1
48.121,522,87120,1
91.956,2359,1664,1
57.529,2314,1272,1
65.98,2826,298,1
59.561,2060,4788,1
55.339,2067,294,1
61.376,2783,1918,1
50.327,724,544,1
77.98,2135,2626,1
64.19,1859,196,1
74.466,2176,909,1
76.532,2472,4636,1
55.764,2667,363,1
58.111,2203,1248,1
84.832,1930,792,1
54.982,2901,1370,1
56.322,2432,999,1
59.883,2193,2727,1
59.902,1961,2231,1
55.059,2226,56,1
59.274,2048,396,1
60.087,2194,2033,1
59.344,1969,2548,1
59.631,1916,2852,1
59.523,2158,582,1
54.743,1825,82,1
92.688,2307,1200,1
78.672,3531,1848,1
55.313,2206,832,1
57.122,2131,1200,1
88.917,1988,350220,1
59.52,2064,1001,1
76.724,2731,1397,1
56.376,2099,600,1
59.707,1943,728,1
89.333,2097,1656,1
72.544,1872,1764,1
65.022,2332,246,1
65.147,2738,292,1
76.418,1781,2002,1
55.19,2327,1070,1
56.578,2141,1209,1
58.051,1888,1068,1
59.583,2042,3317,1
81.67,3405,3060,1
59.608,2031,2254,1
55.313,2610,590,1
55.77,2920,252,1
59.487,2157,940,1
55.823,2569,580,1
50.857,701,840,1
58.197,2286,1284,1
75.276,1905,404976,1
59.395,2134,637,1
58.521,2203,116,1
95.678,2695,3100,1
55.304,2170,182,1
59.064,1941,3815,1
65.885,2209,234,1
58.293,2905,854,1
66.447,2076,216,1
64.628,2577,272,1
50.452,691,108,1
56.796,2170,535,1
60.453,2113,475,1
93.562,2003,1012,1
64.484,2143,226,1
59.706,1942,2375,1
59.805,1991,3944,1
56.855,3180,690,1
65.668,1923,200,1
58.396,2074,616,1
55.066,1810,196,1
54.923,1815,1620,1
49.984,731,462,1
55.385,2065,202,1
57.15,1971,50,1
55.221,1841,102,1
74.189,2028,1920,1
51.795,689,1258,1
59.64,1853,4464,1
54.939,2476,1035,1
56.035,1786,340,1
56.283,2239,303,1
56.228,2050,1144,1
50.026,649,43,1
65.08,2293,242,1
57.958,2237,1040,1
57.059,2024,306,1
55.806,1933,792,1
80.67,1892,1869,1
59.628,2107,2700,1
56.455,1952,396,1
58.876,2287,7052,1
50.86,717,396,1
87.682,2407,2373,1
60.143,2177,4680,1
58.614,2297,1284,1
56.347,2256,318,1
70.339,2550,5940,1
51.73,783,108836,1
60.029,1994,2511,1
92.053,2243,582,1
77.872,2329,4370,1
59.617,2332,1632,1
59.677,2238,485,1
58.27,1957,1068,1
61.412,2047,3164,1
50.91,726,186,1
59.316,1884,3132,1
56.753,2217,1235,1
58.641,2038,3150,1
64.257,2972,306,1
88.092,2293,1008,1
59.729,2049,2626,1
59.697,1798,924,1
62.169,2150,4920,1
57.988,2390,3198,1
64.152,2013,4320,1
59.68,2085,2575,1
83.089,2994,1128,1
59.698,2221,2320,1
55.373,2029,141,1
53.452,524,66265,1
59.681,1988,2058,1
74.874,1803,2790,1
59.829,2064,356,1
58.55,2173,1200,1
57.778,2154,1455,1
77.307,2236,1133,1
62.829,2000,4590,1
63.603,1883,1118,1
59.553,1919,267,1
81.388,2038,214,1
91.519,2076,990,1
99.203,2807,2948,1
56.753,2233,351,1
59.598,2272,2862,1
62.091,2214,2596,1
56.791,1880,230,1
52.882,715,924,1
59.014,1974,440,1
98.957,2229,2128,1
58.562,1959,664,1
59.779,1919,2492,1
60.508,2405,1834,1
65.412,1869,198,1
59.389,2086,364,1
57.957,1773,1395,1
57.787,2542,214,1
55.574,1976,97,1
77.059,2655,4978,1
50.343,696,108,1
59.638,2094,2781,1
59.325,1893,1530,1
57.426,1868,2162,1
58.821,2003,465,1
59.681,1971,2304,1
60.543,2303,1605,1
59.626,1943,1953,1
65.368,2405,254,1
54.978,1824,192,1
55.654,1785,410,1
59.533,1909,609,1
58.468,1812,2208,1
77.312,2855,2358,1
92.446,2230,1040,1
59.655,2162,2756,1
60.888,2055,1386,1
60.066,2475,3078,1
59.569,1819,204,1
59.957,1989,2496,1
59.573,1815,747,1
51.082,697,1085,1
54.644,1964,282,1
48.4,670,152,1
58.165,2482,1392,1
54.375,1920,410,1
54.989,2304,348,1
56.91,1836,984,1
59.456,2198,1760,1
60.295,2626,1144,1
54.907,2710,402,1
62.796,2454,4340,1
52.643,647,3476,1
59.597,1942,840,1
57.522,2331,900,1
65.026,2042,216,1
62.334,2269,2616,1
96.371,2818,868,1
54.88,1072,29,1
57.446,2038,1598,1
59.431,1982,1001,1
69.795,1994,2530,1
94.735,1831,7735,1
57.259,2026,244,1
58.136,2126,1196,1
58.543,1958,1080,1
53.467,686,105850,1
55.798,2113,594,1
59.749,2084,218,1
87.941,1746,320298,1
58.199,2295,485,1
64.757,2237,236,1
84.158,1921,4860,1
55.879,1886,522,1
65.71,3384,350,1
59.642,2166,1768,1
55.099,2141,224,1
59.384,2171,4360,1
58.88,1958,3168,1
52.042,831,444,1
68.158,2133,2020,1
60.296,2081,4494,1
65.795,2199,232,1
58.324,2018,1128,1
59.461,1916,1880,1
50.553,746,217,1
57.898,1944,1092,1
55.776,1920,258,1
56.242,2029,340,1
69.879,1987,1092,1
79.557,2317,2354,1
59.641,1984,2576,1
69.932,2033,1092,1
57.876,1948,57,1
90.684,2265,1080,1
54.607,746,1599,1
57.176,1787,516,1
60.196,2216,2856,1
52.612,701,74,1
59.353,2031,828,1
59.35,1956,2781,1
58.43,2199,1188,1
81.564,2477,3075,1
59.038,2181,3627,1
55.933,2171,364,1
54.754,2172,1440,1
50.282,711,48,1
60.254,2175,1100,1
59.476,2247,2205,1
56.17,2209,392,1
56.078,3146,1432,1
60.158,2236,2184,1
60.112,1882,870,1
59.288,2026,1056,1
58.809,2171,3060,1
55.293,1905,240,1
59.622,1866,2392,1
49.305,713,231,1
60.259,2196,4704,1
51.399,847,663,1
80.881,1938,200,1
59.597,2013,2900,1
56.784,2811,1572,1
54.994,2203,54,1
54.334,2001,485,1
55.343,2417,348,1
55.453,4078,76,1
87.538,2201,9796,1
57.726,2241,510,1
52.443,544,141552,1
59.642,2061,4107,1
51.867,733,1085,1
77.15,2165,2140,1
59.734,2229,2140,1
51.927,681,1036,1
58.026,2062,430,1
77.715,2300,242,1
53.978,846,244112,1
51.219,695,164,1
59.316,2191,1764,1
59.542,2207,700,1
59.435,2142,1330,1
48.845,667,123,1
50.938,620,145530,1
73.997,1985,6160,1
59.689,1982,2418,1
57.552,2038,425,1
56.641,2010,1968,1
53.787,1798,97,1
110,2031,2522,1
66.083,2192,5712,1
78.851,3158,1341,1
54.648,2231,321,1
58.405,2125,3780,1
59.856,1963,2400,1
59.497,2005,2808,1
53.993,2081,388,1
59.583,2201,1160,1
54.409,2082,545,1
54.685,2258,324,1
57.113,2581,2016,1
54.213,2989,248,1
66.128,2275,236,1
49.168,765,768,1
59.367,2062,522,1
59.53,1977,651,1
77.11,1895,4472,1
70.587,2021,7080,1
56.29,849,224115,1
59.485,2207,2728,1
78.169,2176,612,1
57.028,966,1560,1
74.862,2246,5805,1
57.962,2133,475,1
58.679,2686,1875,1
59.609,1988,920,1
57.651,1911,445,1
57.149,1844,104,1
56.335,2026,658,1
63.726,2027,214,1
59.336,1880,400,1
59.492,2247,840,1
53.707,614,87817,1
49.951,830,312,1
60.524,2208,6392,1
54.039,1911,448,1
50.53,719,363,1
56.958,2740,320,1
71.78,2281,9928,1
58.078,2199,490,1
85.477,2104,8580,1
59.633,1954,2538,1
54.834,1905,504,1
59.556,1928,688,1
54.442,2122,144,1
59.692,1954,1638,1
63.814,2379,252,1
59.32,1980,1080,1
82.631,2033,1712,1
53.648,1956,784,1
87.857,1857,1785,1
55.695,2193,1222,1
59.541,2056,1568,1
50.891,858,480,1
58.898,2030,2678,1
64.503,1838,194,1
76.341,2145,4025,1
54.707,1831,1545,1
49.69,655,1485,1
73.626,1814,2484,1
71.55,2035,6440,1
59.455,2179,1600,1
58.574,2109,470,1
59.993,1994,2500,1
59.373,1858,5292,1
59.227,1792,1410,1
51.863,722,510,1
81.913,2015,11857,1
54.39,1885,595,1
57.416,2568,432,1
64.697,2253,238,1
59.161,1906,2226,1
57.39,2069,1170,1
55.672,2470,58,1
63.6,2240,236,1
58.192,2180,721,1
87.401,1911,8505,1
59.497,2041,1184,1
75.012,2117,12084,1
54.414,1896,328,1
76.335,2249,3503,1
57.496,2176,1200,1
55.378,4121,1045,1
58.877,2121,132,1
57.511,1916,1615,1
69.041,2538,6860,1
75.914,2276,4640,1
63.185,1911,2166,1
54.932,2111,240,1
48.666,705,980,1
59.875,1972,2520,1
54.125,594,90812,1
55.215,2017,154,1
58.198,1872,390,1
59.559,1895,2208,1
64.071,2542,268,1
55.424,2183,194,1
59.597,2134,2727,1
56.874,1953,3000,1
57.494,2787,826,1
54.096,1914,735,1
59.369,1873,3102,1
61.453,2061,1078,1
55.978,2756,2945,1
63.228,2168,1352,1
54.609,1859,240,1
49.874,718,918,1
53.712,1948,480,1
53.888,3378,860,1
59.454,2123,2120,1
57.614,2731,1547,1
59.524,2215,1188,1
59.615,2013,2522,1
53.909,2166,124,1
56.784,1794,264,1
50.509,689,1102,1
53.398,2282,330,1
58.211,1941,232,1
57.33,2992,1224,1
59.443,2223,3441,1
48.758,718,363,1
54.809,2002,309,1
48.757,720,272,1
95.74,1983,5994,1
59.305,2266,1751,1
59.265,2170,1045,1
65.957,2420,1904,1
73.965,2358,735,1
55.748,1908,1056,1
59.326,2041,864,1
59.828,2507,3213,1
57.623,2333,1712,1
58.171,2024,470,1
54.563,2181,540,1
61.783,1969,3570,1
59.583,2182,2782,1
59.41,2401,315,1
83.977,1939,345072,1
59.987,2227,927,1
63.122,1989,2254,1
54.721,2138,164,1
50.076,691,43,1
59.5,2121,2619,1
59.549,2275,5289,1
59.484,2241,1536,1
53.714,628,92259,1
58.829,2055,78,1
48.646,747,54,1
54.856,2531,1392,1
62.627,1814,184,1
48.818,708,99,1
53.957,2106,146,1
56.63,2196,1235,1
57.269,1912,1080,1
51.628,610,165699,1
58.04,1903,564,1
54.113,2027,590,1
59.485,1763,1995,1
53.772,3099,1043,1
53.023,2654,833,1
87.768,2148,2834,1
73.586,2124,1980,1
54.134,2998,408,1
53.667,2196,570,1
63.08,1951,206,1
59.207,2101,1976,1
59.807,2250,2835,1
52.65,1019,1274,1
86.236,2158,558,1
69.755,1990,5610,1
65.65,1868,5202,1
52.192,701,74,1
58.586,2034,1552,1
55.253,2142,258,1
76.302,1941,1602,1
59.41,2186,304,1
63.647,2159,2850,1
59.723,2025,2538,1
57.977,2115,1196,1
56.646,2368,1554,1
53.715,2201,840,1
79.64,2889,298,1
94.992,2163,1326,1
54.587,711,646,1
54.45,2200,636,1
78.261,2246,1017,1
56.903,2426,1356,1
50.524,525,91273,1
57.386,2225,2562,1
53.471,1943,2136,1
87.009,2282,909,1
73.798,2353,3720,1
53.978,1937,340,1
54.491,1977,372,1
51.609,714,665,1
60.953,2258,2599,1
64.502,2672,278,1
59.253,2081,2860,1
56.756,2149,1209,1
51.585,1227,30,1
61.095,2134,3894,1
56.396,2102,236,1
62.852,2219,232,1
58.822,2002,1410,1
54.069,1712,218,1
58.451,1945,738,1
58.427,1970,1232,1
59.629,2202,4360,1
58.166,2078,1222,1
56.143,1945,581,1
48.861,685,864,1
59.258,2151,2525,1
59.416,1990,1530,1
61.334,1692,3597,1
72.195,2194,9983,1
88.659,1821,3876,1
59.626,1942,334325,1
54.338,2135,312,1
59.544,2050,3150,1
54.654,1844,61,1
54.363,2147,195,1
59.599,2150,2856,1
59.314,1985,810,1
63.397,2913,1524,1
59.095,2087,630,1
59.646,1987,2002,1
59.611,1996,2565,1
57.934,2280,1224,1
56.548,1999,69,1
56.781,2575,1380,1
52.325,725,408,1
57.915,2212,1248,1
80.938,2651,248,1
65.916,2160,4758,1
62.068,2976,4077,1
59.523,2216,1070,1
56.581,2388,1332,1
59.174,2278,2120,1
50.889,700,74,1
54.129,2139,184,1
54.762,1918,528,1
50.464,721,231,1
63.561,2009,212,1
58.552,2029,3393,1
57.557,2873,1608,1
59.404,2225,600,1
53.452,1861,276,1
74.092,2140,3420,1
55.869,2011,1128,1
54.153,2506,34,1
59.888,2209,2782,1
54.684,2099,805,1
59.612,2044,1818,1
53.85,2104,83,1
50.231,710,891,1
59.867,2182,4636,1
58.344,1952,1380,1
51.014,773,231,1
53.055,1905,312,1
59.549,2117,1728,1
59.588,2079,2000,1
74.061,1864,1092,1
51.83,734,1638,1
63.345,2549,270,1
85.683,1917,3465,1
55.314,701,74,1
106.439,2105,1938,1
55.459,1989,752,1
61.469,2142,1100,1
59.039,2098,1953,1
55.725,2406,1344,1
56.373,1918,609,1
59.367,2181,644,1
64.21,2520,266,1
55.62,3176,1260,1
62.861,2122,224,1
54.646,2169,744,1
58.351,2188,700,1
56.985,2132,1196,1
56.021,2290,1272,1
55.308,1945,54,1
63.515,2734,288,1
54.613,2714,556,1
55.065,2194,1176,1
56.989,1919,400,1
59.027,2079,970,1
52.132,860,30368,1
70.631,2294,4788,1
57.781,2090,450,1
47.912,691,700,1
74.589,2033,2200,1
68.143,2416,1605,1
55.183,2232,1248,1
73.52,2127,4096,1
55.125,2047,776,1
59.644,2247,1190,1
63.53,2216,234,1
58.163,2326,1035,1
55.247,2280,1751,1
49.25,836,245,1
55.067,2274,1696,1
58.132,2077,252,1
59.243,1960,1674,1
73.416,2103,1960,1
57.41,675,99348,1
53.863,2064,107,1
75.742,1824,3420,1
51.425,786,52,1
63.018,2166,232,1
55.903,1779,984,1
59.588,1814,2016,1
59.664,1880,1680,1
58.141,1733,729,1
55.383,2185,1222,1
72.802,1775,1496,1
54.575,2404,228,1
66.214,2385,2268,1
65.992,2379,963,1
60.795,2341,1980,1
54.421,2005,1032,1
59.568,1838,2340,1
58.257,2096,2886,1
73.816,2021,920,1
58.161,2149,4030,1
54.85,2180,206,1
59.626,2297,1575,1
57.949,2026,470,1
59.603,2088,2486,1
59.481,1982,957,1
57.432,2245,500,1
59.638,1996,623,1
56.259,2701,1521,1
66.605,2659,2091,1
56.551,1895,1044,1
59.745,1998,2484,1
55.6,1945,1092,1
56.078,2401,812,1
59.581,2192,5280,1
59.43,1840,1692,1
89.158,2225,1944,1
67.219,2161,248,1
89.11,1956,1274,1
57.815,2022,1144,1
57.982,3559,2016,1
82.792,2246,1568,1
59.447,2108,2106,1
56.564,2546,324,1
55.1,2263,1352,1
59.62,2192,2926,1
57.858,2126,1196,1
87.115,2142,2060,1
55.063,1926,935,1
58.698,1987,1940,1
54.255,5609,35,1
54.836,2963,350,1
76.323,2128,3990,1
58.019,1964,2160,1
59.431,2173,1470,1
55.919,2300,927,1
54.885,2148,57,1
55.86,2093,720,1
86.846,2243,344190,1
58.231,2211,1236,1
58.239,1878,395,1
72.25,2294,6600,1
56.473,1999,1118,1
58.671,2159,450,1
73.706,2402,3388,1
57.037,2029,368,1
54.907,2732,290,1
58.627,2262,1995,1
58.84,1966,3328,1
59.284,2201,2662,1
59.53,1933,2970,1
59.342,1951,3146,1
56.261,2315,1296,1
55.531,2200,228,1
87.342,2199,2163,1
58.173,2400,500,1
51.821,1002,215,1
66.454,2962,2256,1
59.666,1993,2496,1
52.365,800,156,1
58.869,2241,1652,1
55.473,2177,1212,1
54.215,2132,402,1
54.673,1949,534,1
48.643,693,1036,1
57.175,2094,134,1
55.816,2012,2700,1
54.147,2296,266,1
73.606,2212,515,1
56.271,2046,1092,1
59.798,2003,2522,1
73.747,2246,4410,1
59.567,1864,2392,1
74.569,1722,222,1
73.883,1932,1800,1
50.999,910,129,1
52.204,519,132854,1
56.103,2032,644,1
48.997,722,136,1
59.679,2134,4494,1
58,2292,1296,1
51.009,685,1560,1
55.691,3215,1296,1
56.112,2520,1380,1
56.944,2017,321,1
59.417,2201,1287,1
59.375,2109,2016,1
60.211,1909,1287,1
77.403,1994,1092,1
58.176,757,200668,1
51.698,839,456,1
59.517,2044,6080,1
75.196,2004,4876,1
54.667,2127,48,1
59.41,2263,465,1
59.736,2254,1188,1
49.607,715,272,1
57.152,3162,1768,1
71.636,2217,7014,1
59.551,1882,2418,1
52.24,814,1026,1
59.094,2436,1016,1
59.723,2029,5412,1
59.844,2268,2835,1
58.793,2213,3174,1
59.662,1917,2444,1
59.679,2036,4033,1
76.22,2137,2400,1
57.069,1905,480,1
54.703,2129,495,1
59.284,2175,2268,1
59.776,1885,2366,1
55.423,2699,45,1
50.747,707,44,1
55.92,3608,33,1
51.407,742,416,1
55.464,1841,162,1
79.415,2275,1035,1
59.525,1800,4173,1
50.623,616,152661,1
59.68,1737,2726,1
55.011,1739,552,1
59.789,1836,2580,1
56.119,2195,226,1
55.829,1871,234,1
65.071,2455,5661,1
51.002,718,512,1
50.072,761,588,1
57.421,2190,1224,1
59.882,2192,4712,1
60.539,1738,194,1
56.464,1870,1053,1
65.7,2086,2432,1
61.822,2315,2668,1
71.254,1912,9568,1
55.01,2285,85,1
54.324,2470,23,1
82.304,2275,3762,1
55.01,2194,146,1
64.799,2172,735,1
51.365,778,195321,1
59.493,1952,2508,1
51.824,730,76,1
73.38,2022,2240,1
54.268,2180,342,1
73.357,2168,1944,1
63.513,1923,198,1
59.972,2281,3219,1
58.314,1931,249,1
47.788,522,123300,1
54.661,1845,1200,1
74.667,2388,6048,1
58.308,2103,1188,1
58.083,2048,1152,1
55.448,1828,1176,1
58.465,1884,420,1
60.029,2070,2574,1
55.765,2348,236,1
55.22,2662,354,1
56.057,2288,665,1
59.564,1914,3774,1
57.166,2983,1668,1
56.398,1932,166,1
59.685,2260,2964,1
59.419,2078,658,1
50.791,898,504,1
59.842,2074,2575,1
54.868,2140,291,1
63.86,1993,210,1
59.558,2191,792,1
75.466,2624,6384,1
88.649,2116,980,1
54.878,1992,260,1
54.672,1942,290,1
58.636,2086,435,1
51.26,705,828,1
57.771,2011,672,1
55.473,3731,632,1
50.986,687,72,1
59.862,2085,3944,1
64.909,2408,5548,1
54.337,790,123396,1
58.544,2365,3751,1
59.357,2110,2970,1
59.679,1886,1118,1
79.88,2176,990,1
50.315,870,246,1
59.602,1896,1462,1
51.811,713,594,1
55.435,1803,158,1
53.939,2136,372,1
56.759,2213,1248,1
59.61,2162,1526,1
55.209,1961,535,1
54.924,1836,234,1
59.626,1910,1376,1
49.035,629,50,1
64.444,1858,196,1
59.924,2207,1696,1
59.944,2223,2808,1
56.934,2277,1419,1
56.615,2234,833,1
65.583,1993,2850,1
59.832,2099,4510,1
60.132,1961,1547,1
49.241,673,570,1
59.754,2022,2592,1
65.931,1862,2834,1
89.059,2044,910,1
57.455,2002,315,1
56.556,2192,1212,1
47.553,660,41,1
92.56,1982,1001,1
74.457,1796,658,1
51.161,803,820,1
55.776,2346,3451,1
57.602,2156,3360,1
55.835,2256,124,1
88.031,2335,5320,1
56.766,1931,1080,1
59.377,2125,183,1
60.054,2285,2886,1
105.315,1883,312174,1
72.531,1767,4218,1
57.175,2020,636,1
57.762,2496,1404,1
62.952,2236,550,1
50.887,787,222,1
63.961,2772,292,1
59.88,1802,3920,1
59.514,1873,192,1
50.236,679,120,1
59.68,1706,1568,1
59.558,2157,372,1
48.96,727,99,1
56.616,2288,354,1
57.465,2167,2646,1
55.557,1758,2052,1
50.691,725,952,1
54.837,2138,226,1
51.792,567,154865,1
57.467,2120,1965,1
59.426,1790,780,1
49.887,737,416,1
59.474,1904,2280,1
48.64,699,105,1
48.433,653,45,1
56.744,1852,445,1
57.679,1924,3000,1
57.055,2031,1116,1
78.783,2004,14697,1
63.816,2256,238,1
57.302,1999,651,1
59.1,2811,2800,1
59.839,2181,2828,1
54.939,2641,417,1
50.332,673,41,1
54.42,2139,570,1
59.904,2203,2756,1
54.188,2648,204,1
59.62,1898,5474,1
63.195,2138,224,1
54.883,2287,963,1
57.964,2134,475,1
59.545,1920,2950,1
55.839,2098,1183,1
59.541,2243,2507,1
48.485,645,94,1
54.756,2121,100,1
55.168,2000,261,1
56.534,2263,1260,1
50.674,778,1786,1
51.844,1074,20,1
54.451,2597,650,1
54.55,2540,119,1
59.909,2259,2912,1
84.077,2141,20196,1
55.958,1945,505,1
57.129,2060,1128,1
68.136,2039,2996,1
72.009,1742,1209,1
57.56,1845,2205,1
59.187,1795,2323,1
56.377,2360,120,1
59.792,1781,2380,1
55.402,2863,338,1
52.241,526,82194,1
59.599,2129,1840,1
65.232,3493,368,1
58.119,1908,425,1
65.111,1893,1395,1
55.096,1989,157,1
85.92,1868,2024,1
64.839,2500,264,1
58.586,1929,430,1
52.682,745,160,1
55.755,2453,615,1
63.174,1985,282438,1
68.293,2166,5640,1
58.414,2180,1235,1
56.196,2207,485,1
58.759,2222,214,1
55.348,1761,224,1
57.904,1778,1001,1
58.059,2093,744,1
59.478,1794,3360,1
48.826,691,74,1
58.928,1826,738,1
58.192,2477,570,1
57.431,2599,1452,1
58.46,2070,1170,1
55.524,1917,704,1
51.285,724,403,1
79.586,2215,1008,1
58.703,1924,570,1
54.511,2050,147,1
65.21,2371,11780,1
68.549,2426,570,1
76.688,2511,6090,1
58.102,2178,1222,1
64.528,2941,310,1
93.01,2268,9394,1
57.749,2116,1196,1
59.756,2114,1515,1
52.058,782,178770,1
55.141,1928,252,1
51.432,720,408,1
65.548,2792,294,1
57.367,1812,1092,1
59.601,1777,2730,1
61.762,1942,1410,1
58.6,2042,87,1
95.4,1763,532,1
59.666,1836,2403,1
100.23,2047,430,1
54.51,2039,384,1
55.017,1854,790,1
55.478,2149,752,1
59.981,2234,2835,1
55.341,2396,595,1
55.81,2226,560,1
58.362,1828,1027,1
86.205,1878,1068,1
58.433,1884,1066,1
55.213,1998,665,1
58.031,2245,500,1
54.42,2737,388,1
57.739,1929,756,1
50.79,726,952,1
59.446,2199,2825,1
77.666,2162,1200,1
59.694,2227,4840,1
57.019,1798,1376,1
106.54,2303,2120,1
82.502,1907,18849,1
58.87,1812,2300,1
51.54,771,48,1
59.047,2066,2134,1
55.005,1997,52,1
59.581,2211,1485,1
66.763,2153,1919,1
58.11,2091,1183,1
59.459,2097,4356,1
59.105,2249,2100,1
50.565,842,444,1
103.27,2043,10570,1
63.556,2026,3675,1
54.638,1809,5100,1
58.018,2168,3080,1
72.149,1989,3422,1
59.578,2144,1853,1
88.373,1917,1843,1
55.064,2268,1400,1
89.934,1904,198625,1
57.7,2121,1188,1
74.34,2330,2691,1
57.972,2376,1353,1
48.843,700,782,1
74.306,1909,430729,1
52.307,772,1763,1
59.579,2271,3690,1
54.005,1864,567,1
72.67,1861,588,1
71.929,2378,12104,1
55.828,2550,888,1
89.278,2267,1800,1
57.247,2000,777,1
50.272,743,408,1
59.476,2036,1674,1
59.559,2205,2568,1
56.462,1810,1530,1
53.969,3205,20,1
50.628,708,165,1
60.06,2192,4712,1
54.476,2373,59,1
63.44,1798,190,1
64.23,2425,256,1
62.147,3168,3542,1
81.44,2083,570,1
52.506,728,480,1
64.546,1888,200,1
59.475,1884,420,1
59.125,1792,376,1
54.11,528,78312,1
58.765,1852,1940,1
57.528,2577,1440,1
55.896,2604,372,1
49.886,710,108,1
58.467,2437,636,1
59.777,2118,4600,1
56.358,2507,512,1
59.343,1926,870,1
49.021,770,84,1
59.703,2186,3432,1
57.253,2570,101,1
58.356,2482,1392,1
51.063,720,374,1
59.625,1987,348525,1
65.102,2091,1023,1
55.355,2944,520,1
50.934,718,160,1
58.036,2025,602,1
59.446,1949,1734,1
73.757,1878,186946,1
65.007,2936,310,1
55.953,2561,520,1
58.098,2226,1261,1
58.54,2276,1284,1
56.126,3442,408,1
55.108,2248,56,1
59.553,1924,2139,1
56.292,2554,113,1
89.876,2234,2704,1
61.698,1781,2160,1
56.883,1880,574,1
100.039,2047,430,1
59.555,2194,2178,1
59.517,2151,728,1
56.214,2033,440,1
55.879,2293,2592,1
57.204,2981,161,1
59.466,2173,1386,1
54.362,2097,792,1
54.769,2228,452,1
51.349,708,900,1
81.603,2209,228,1
72.97,1829,1479,1
50.76,728,128,1
97.288,2345,4284,1
59.435,1938,2275,1
72.745,1860,3312,1
59.387,2109,1976,1
59.536,1728,3838,1
55.235,2802,640,1
57.725,2096,1140,1
71.091,2233,1782,1
51.589,687,1710,1
59.584,2267,1600,1
79.082,2880,300,1
58.213,2133,475,1
58.581,2209,2508,1
54.873,1807,156,1
54.989,2005,288,1
55.488,2589,288,1
59.544,2066,2425,1
57.036,1848,996,1
65.281,2311,244,1
59.092,2625,1736,1
88.559,2052,1536,1
59.45,1924,3811,1
64.323,2658,280,1
74.484,2263,3016,1
61.404,2082,2400,1
56.647,2193,1236,1
49.885,688,360,1
58.46,2294,679,1
51.986,708,396,1
58.236,2197,1236,1
64.634,2260,242,1
56.678,2316,1308,1
56.154,2156,990,1
59.605,2107,3090,1
59.94,1764,4446,1
89.53,2039,1805,1
59.774,1985,2604,1
77.008,2141,4420,1
65.912,2064,218,1
55.79,1853,178,1
54.437,2122,960,1
59.494,1900,828,1
64.792,2046,216,1
50.002,685,148,1
76.302,2052,4992,1
60.154,1815,3936,1
59.708,2133,6750,1
58.653,2298,535,1
59.721,2011,4526,1
59.008,1971,425,1
59.938,2078,1425,1
55.938,2257,408,1
91.959,2349,5084,1
57.855,30008,16887,0
75.599,2860,1463,1
59.266,2143,264,1
75.324,2582,1110,1
54.912,1938,144,1
55.252,2361,618,1
60.072,1996,2398,1
54.622,535,49770,1
59.763,2037,4290,1
55.492,2093,166,1
69.036,2014,287336,1
56.175,2278,1284,1
59.616,2114,1638,1
51.548,718,918,1
57.347,2102,909,1
56.553,2271,198,1
52.254,699,72,1
50.712,673,78,1
57.959,2156,351,1
59.531,2300,1600,1
55.319,2040,648,1
51.084,563,141648,1
77.339,2436,4585,1
56.321,2475,224,1
61.617,2528,1140,1
58.801,2199,2376,1
58.329,2209,1248,1
59.69,2122,136,1
59.657,2219,1455,1
59.628,1830,1290,1
79.832,2032,1786,1
77.299,2149,1089,1
64.601,2441,258,1
56.159,620,39336,1
57.718,1961,81,1
58.732,1843,664,1
59.734,1767,2544,1
60.85,2574,1736,1
59.554,2066,2425,1
61.239,2047,2850,1
55.839,2362,2373,1
75.937,1845,935,1
59.923,2227,4712,1
59.732,2022,2574,1
59.639,1755,174,1
59.764,2165,4560,1
65.366,1824,192,1
60.37,2217,4060,1
61.403,2211,686,1
57.215,2242,700,1
58.584,1907,425,1
57.226,3013,938,1
59.635,2052,2754,1
58.392,2075,1164,1
59.846,2177,2782,1
65.157,2769,292,1
55.859,2208,396,1
50.334,728,88,1
65.366,2134,226,1
55.653,1805,198,1
65.069,2160,228,1
58.54,2245,1272,1
72.96,2360,1260,1
59.746,2092,5310,1
56.346,1874,510,1
79.906,2150,1188,1
57.347,2197,515,1
58.739,2120,1196,1
72.997,1874,1691,1
51.551,621,129843,1
88.593,2119,2037,1
62.21,2199,990,1
58.486,2298,679,1
59.328,1958,1536,1
52.647,711,204,1
55.397,2607,672,1
64.937,2252,238,1
52.426,800,1230,1
79.455,1968,891,1
59.359,2179,3996,1
56.768,2646,575,1
56.372,1858,455,1
56.857,3246,256,1
59.552,1898,1245,1
55.246,1876,89,1
55.406,1784,324,1
81.053,1807,8892,1
92.03,2017,828,1
59.439,1820,790,1
60.209,2188,4746,1
57.843,1966,1900,1
59.685,2078,2646,1
64.118,2299,4170,1
51.348,719,850,1
59.815,2498,4598,1
56.078,2164,228,1
55.738,2405,320,1
93.536,2247,9310,1
59.836,2460,1840,1
74.049,1902,2604,1
60.499,2208,1122,1
56.94,2919,1596,1
50.405,596,136335,1
73.499,3224,1974,1
61.569,1872,4284,1
59.492,2075,960,1
57.857,2006,363,1
59.856,2307,2352,1
55.523,2097,240,1
54.764,2199,384,1
58.961,2094,226,1
55.821,2014,345,1
49.451,703,770,1
59.279,1983,5457,1
59.517,2133,2850,1
59.594,2073,6364,1
60.304,2135,1440,1
60.137,2241,4859,1
85.497,1976,132,1
59.908,2153,6201,1
49.645,572,140273,1
59.621,2105,2673,1
55.497,2185,242,1
72.537,2456,2840,1
88.365,2274,10126,1
59.123,1936,3977,1
64.723,3084,326,1
73.23,1907,968,1
55.308,1826,228,1
51.71,721,408,1
51.619,685,78,1
56.387,1885,240,1
51.819,687,72,1
59.671,2012,1380,1
59.619,1933,2470,1
56.519,2019,1140,1
55.958,2638,791,1
66.817,2826,294,1
59.893,2066,2550,1
58.742,1894,1805,1
54.899,2208,564,1
53.623,1863,117,1
64.715,2598,274,1
73.421,2192,2568,1
59.485,2236,1212,1
62.279,1864,936,1
55.199,1877,267,1
59.643,2092,2673,1
55.741,2599,435,1
51.696,805,195,1
59.937,1872,2325,1
56.039,2604,640,1
56.576,2080,1152,1
56.046,1770,1288,1
79.768,1787,6069,1
57.622,2029,1302,1
55.798,2468,393,1
51.734,710,165,1
55.941,2218,133,1
59.54,2223,1320,1
59.595,2230,909,1
52.049,549,91317,1
59.63,2063,348,1
73.019,1945,1408,1
55.969,2125,440,1
58.285,2525,3930,1
57.842,2188,1188,1
57.989,2200,1802,1
51.067,683,370,1
55.761,2237,428,1
55.412,2111,121,1
51.171,694,74,1
79.767,2924,1330,1
53.612,810,210,1
64.826,2092,222,1
55.457,2022,159,1
70.426,2275,2900,1
56.381,2698,1452,1
50.569,694,910,1
57.976,1862,415,1
78.67,2927,314,1
72.279,2044,2772,1
62.875,2102,327,1
82.392,2500,258,1
56.701,1965,206,1
58.33,1949,1616,1
56.351,2214,972,1
57.94,2144,1649,1
58.205,2462,3689,1
59.702,2125,2332,1
58.55,2199,490,1
59.943,2171,2725,1
79.452,2045,1786,1
57.61,2096,1649,1
58.415,2128,147,1
91.504,1858,138,1
58.272,30012,6250,0
79.373,2056,6200,1
56.185,2258,234,1
57.161,2025,1440,1
56.69,2215,1872,1
58.145,1965,1105,1
64.995,3114,328,1
58.207,1922,1056,1
59.849,2204,1098,1
59.6,2168,3248,1
59.746,2213,760,1
55.843,2260,190,1
58.646,2198,3432,1
58.499,2568,535,1
89.683,2072,540,1
60.034,2169,2781,1
58.334,2000,445,1
53.613,697,1295,1
64.691,2110,218,1
54.693,2205,300,1
59.676,1888,2900,1
64.121,2319,4235,1
57.033,1894,435,1
53.179,574,84459,1
57.452,3391,1896,1
57.342,2247,2832,1
58.975,1966,432,1
55.045,1625,214,1
58.128,3715,935,1
59.199,1994,2511,1
85.676,2116,2900,1
96.116,2205,679,1
59.247,1940,3328,1
56.879,2553,444,1
58.538,2138,1209,1
56.313,2171,1515,1
56.069,2116,558,1
55.335,2060,630,1
58.656,1897,3036,1
87.713,1949,7524,1
78.531,1884,13561,1
89.868,2226,3424,1
59.815,1932,4171,1
62.44,1829,1260,1
96.54,1901,1144,1
58.726,2183,220,1
96.431,1810,546,1
58.462,2050,1316,1
59.354,2238,2678,1
85.234,2247,927,1
75.207,2194,558,1
58.637,2207,1680,1
73.842,1792,330243,1
76.412,2137,3014,1
60.192,2039,2619,1
59.149,1892,1443,1
53.327,715,136,1
85.48,2113,218,1
59.545,1867,2444,1
55.374,725,952,1
59.122,1993,3441,1
59.126,1898,1068,1
60.285,2198,2808,1
68.363,2575,5474,1
58.659,2081,528,1
59.161,1951,3880,1
59.131,2237,2576,1
55.231,847,195,1
59.103,2211,3277,1
58.876,3077,20,1
59.081,2250,1272,1
71.86,2160,228,1
59.025,1958,67,1
58.804,2137,744,1
71.996,2066,218,1
58.946,2091,388,1
116.828,2251,742,1
75.689,2042,870,1
71.251,2105,222,1
56.066,939,528,1
55.272,744,155,1
58.991,1765,480,1
59.85,2061,5130,1
58.874,2020,144,1
63.16,2224,4788,1
59.015,1944,783,1
71.973,2280,2640,1
64.447,1838,1408,1
59.084,2132,1196,1
65.315,3542,2720,1
72.675,2136,2300,1
58.973,1917,396,1
72.155,1914,194,1
59.665,701,74,1
74.962,1994,1440,1
72.037,1865,1105,1
64.208,2170,4578,1
90.541,2895,7176,1
62.214,2138,2727,1
57.026,755,153,1
57.077,719,165,1
57.079,711,918,1
59.08,1877,1079,1
62.641,2434,1040,1
64.375,2260,354,1
57.673,828,456,1
59.043,1902,474,1
70.946,2297,1030,1
59.009,2123,950,1
88.191,1901,196,1
59.047,2126,570,1
56.98,649,44,1
59.045,2193,588,1
57.796,723,96,1
73.663,2184,230,1
71.025,2015,837,1
59.076,1979,1068,1
71.622,2070,9120,1
59.048,1897,112,1
61.302,2389,2860,1
72.747,1951,1246,1
59.062,30013,16965,0
116.375,2181,2808,1
59.045,1849,530,1
58.498,717,384,1
64.104,3335,978,1
58.592,741,111,1
58.493,702,216,1
66.45,2955,3718,1
59.102,1683,1188,1
83.775,2153,10362,1
59.043,1699,158,1
59.029,1684,375,1
84.135,2822,705,1
59.078,1980,1881,1
58.524,821,49,1
69.821,2214,4674,1
59.032,1751,1476,1
103.273,1904,3840,1
64.4,714,660,1
59.427,1897,74,1
59.333,1674,1053,1
59.271,1732,624,1
59.33,1780,632,1
59.606,2188,452,1
59.193,1966,64,1
59.228,1935,53,1
73.562,2050,1940,1
59.299,1977,1853,1
68.114,1964,1350,1
59.263,2180,928,1
54.052,521,133515,1
59.257,30012,6905,0
60.285,2254,1144,1
59.94,2251,2889,1
58.784,2004,696,1
58.33,1974,122,1
64.218,2800,3220,1
88.354,2117,2033,1
57.76,2191,900,1
59.534,2006,1782,1
94.315,2556,4940,1
59.233,1973,2530,1
54.855,590,124775,1
57.987,2211,1236,1
93.736,2068,3996,1
59.014,1891,425,1
57.087,1974,704,1
59.789,2175,2727,1
58.402,1787,202,1
59.367,1871,2697,1
68.642,2017,1792,1
59.416,1941,2275,1
57.665,2144,615,1
59.261,1977,1000,1
59.438,2020,1358,1
80.343,2006,900,1
58.257,2193,1212,1
60.746,2178,4758,1
58.992,2079,1164,1
56.358,2127,232,1
56.715,1992,744,1
66.059,2088,220,1
58.867,2203,204,1
73.677,2221,552,1
59.555,1982,2574,1
59.454,1857,792,1
58.832,2744,812,1
59.414,2197,2750,1
57.045,1848,344,1
59.152,2104,2673,1
59.45,1985,1602,1
59.731,2448,555,1
59.374,2241,936,1
50.774,688,117,1
58.508,2194,1235,1
60.265,1874,2632,1
83.135,2093,216,1
65.846,2424,250,1
49.917,709,910,1
59.528,1926,1392,1
59.44,2224,4320,1
88.998,1909,850,1
72.311,2196,10944,1
56.245,2138,291,1
82.663,2768,3700,1
59.571,2248,4704,1
61.116,2115,564,1
57.931,2136,1176,1
58.793,2296,1605,1
59.734,2041,2538,1
76.702,2368,5934,1
77.489,2508,4680,1
64.202,2153,3565,1
57.185,2021,181,1
58.807,1809,420,1
74.632,1759,2790,1
52.315,811,1247,1
53.987,690,109980,1
56.658,2038,686,1
59.522,1735,2001,1
56.932,1916,1079,1
56.393,2150,254,1
58.564,1991,415,1
88.896,2055,819,1
59.415,2163,909,1
60.083,2245,1089,1
56.465,2203,182,1
62.123,2170,1300,1
94.53,2584,3125,1
63.491,1769,672,1
74.723,2253,606,1
67.715,2041,1926,1
58.826,2019,665,1
50.836,725,594,1
55.814,2129,484,1
64.987,1916,202,1
51.455,723,408,1
59.46,2236,970,1
55.803,2123,428,1
77.71,2208,2184,1
72.641,2023,1080,1
59.282,1786,196,1
58.193,1852,430,1
48.876,736,124,1
70.969,2621,5130,1
58.082,2111,470,1
56.283,2067,440,1
59.513,2211,1680,1
55.862,2056,917,1
59.475,1962,3074,1
64.357,2083,220,1
54.782,2311,242,1
55.338,2181,155,1
50.633,708,918,1
57.2,2364,1921,1
48.853,647,48,1
55.001,2046,261,1
50.912,716,825,1
59.94,2091,3885,1
58.431,2288,510,1
72.986,2359,1365,1
54.928,2273,309,1
78.468,2131,342,1
64.066,2097,222,1
58.423,2184,315,1
58.117,2353,3616,1
60.059,2160,1456,1
59.498,2072,1843,1
71.279,2144,10738,1
59.603,1972,2288,1
56.416,1773,486,1
51.037,735,102,1
77.13,2114,83,1
56.567,2127,1140,1
64.214,1860,196,1
62.102,2226,3534,1
59.112,1918,1785,1
87.739,1986,873,1
59.549,2216,1177,1
59.468,1844,3549,1
59.598,1907,1472,1
59.752,2067,2268,1
59.288,2336,6426,1
57.692,2047,1152,1
59.587,2110,2704,1
78.217,1849,2275,1
50.213,524,83250,1
74.358,1855,765,1
58.259,1972,156,1
61.764,2149,1287,1
54.942,1726,88,1
59.847,2230,4104,1
52.793,749,196248,1
102.557,2195,412,1
59.853,1979,3920,1
58.243,1831,810,1
56.203,2220,1188,1
76.901,1959,4752,1
91.184,2261,2288,1
59.98,1910,1392,1
56.553,2013,1116,1
56.211,2485,298,1
75.789,2053,4995,1
65.442,2145,226,1
50.902,755,520,1
96.313,2091,644,1
91.483,1935,792,1
56.014,2413,4012,1
54.866,2035,261,1
58.533,2539,896,1
60.06,2296,2996,1
59.555,2035,2600,1
60.013,1963,4256,1
60.738,2144,1635,1
60.187,1836,2205,1
54.664,2114,141,1
56.397,2055,1144,1
59.458,2146,1717,1
59.668,2267,2782,1
59.57,2128,679,1
97.63,2497,10875,1
58.92,1826,2350,1
56.353,2120,364,1
54.868,1832,116,1
59.058,2092,3540,1
74.113,2198,6820,1
58.225,2108,1235,1
59.619,1982,3045,1
59.449,1917,968,1
58.354,1843,410,1
59.618,1876,6655,1
56.088,1860,693,1
82.161,2230,840,1
59.677,1924,902,1
63.725,2314,244,1
73.436,2206,558,1
59.527,2059,445,1
59.477,2196,512,1
55.608,2118,1196,1
59.576,2132,3472,1
50.28,932,246,1
54.961,2169,808,1
59.726,2261,2889,1
54.695,2007,76,1
50.317,742,416,1
59.853,2128,4025,1
57.99,2156,565,1
76.455,1781,2231,1
75.043,1877,5992,1
57.405,1976,1118,1
49.1,700,56,1
70.925,1952,1157,1
58.441,2362,1703,1
59.7,1964,2576,1
54.232,621,83805,1
57.537,2345,693,1
54.583,2215,432,1
54.832,2532,390,1
54.298,2113,1001,1
80.849,2011,2726,1
85.35,2285,1287,1
59.524,2219,2835,1
48.105,728,198,1
58.425,1966,2996,1
58.997,2057,1616,1
77.099,2218,927,1
74.399,1908,1118,1
59.335,2086,3364,1
77.397,2401,250,1
59.433,1877,2884,1
55.32,2586,1428,1
85.6,2282,2420,1
57.335,3116,3534,1
59.317,2182,460,1
59.078,2287,936,1
90.004,2054,1615,1
55.939,2067,1164,1
59.48,1914,4251,1
48.408,682,39,1
65.416,2392,3640,1
55.395,1953,232,1
75.133,2028,5243,1
51.265,770,592,1
56.179,2055,752,1
57.977,1763,780,1
59.845,1893,2376,1
56.052,3022,1620,1
54.697,2088,1140,1
91.619,2107,3105,1
55.787,2840,605,1
54.691,1870,495,1
73.649,2130,4403,1
55.618,1996,940,1
64.473,2293,1122,1
59.701,1858,2295,1
56.787,2060,1152,1
50.619,718,384,1
56.259,1782,74,1
50.578,816,518,1
59.002,2062,282,1
55.511,2972,417,1
56.065,2651,214,1
56.432,1839,1122,1
56.245,1912,117,1
59.718,2150,2750,1
59.518,2201,1155,1
59.483,2009,2553,1
70.048,2786,4550,1
88.08,2003,305515,1
55.117,3204,262,1
57.252,2056,161,1
59.95,1909,2492,1
59.599,2138,485,1
81.671,2115,2090,1
56.896,2219,1188,1
55.139,2249,555,1
50.872,706,1085,1
65.339,2190,232,1
50.516,636,50,1
58.424,2584,600,1
58.309,1901,1068,1
78.561,2081,2060,1
62.633,1825,4012,1
59.984,2171,2800,1
57.03,1691,1300,1
63.135,3285,1950,1
58.296,1986,1068,1
55.263,2151,465,1
73.009,2018,3885,1
56.625,1977,184,1
59.821,2138,2727,1
57.771,2181,590,1
60.434,1727,7521,1
59.649,2196,950,1
54.831,2759,1210,1
64.109,2267,230,1
63.181,3213,6732,1
59.633,1797,190,1
59.508,2028,880,1
59.336,2099,819,1
60.132,2140,1089,1
54.574,2212,864,1
50.616,728,330,1
59.587,2054,609,1
74.448,2117,1974,1
59.555,2125,528,1
58.919,2098,3270,1
50.467,654,180128,1
50.292,720,384,1
58.422,2542,1430,1
59.7,2234,2886,1
56.28,2374,51,1
65.902,3238,342,1
51.884,552,89549,1
55.248,1836,124,1
51.075,695,108,1
57.549,2056,1157,1
51.569,736,544,1
67.749,2028,10521,1
55.352,2198,234,1
59.931,2164,1700,1
55.887,2033,1200,1
64.378,2272,240,1
57.088,3031,430,1
56.293,2808,1586,1
56.876,3133,1764,1
56.994,1916,65,1
59.168,2388,525,1
50.948,716,198,1
55.137,2065,143,1
54.447,1909,78,1
58.407,2086,465,1
57.383,2567,1160,1
54.691,2429,252,1
54.241,2439,351,1
84.779,2234,1090,1
55.119,1773,261,1
59.647,2167,222,1
58.127,2096,1176,1
57.792,1953,1092,1
56.601,2154,1200,1
55.509,1992,485,1
50.698,712,918,1
56.481,2939,1644,1
58.584,2565,535,1
71.799,2086,6006,1
51.217,966,120,1
55.057,2132,404,1
54.533,1831,158,1
58.674,1880,162,1
61.433,2490,952,1
59.111,2376,452,1
55.029,1794,126,1
59.442,1858,2200,1
49.002,713,272,1
60.731,2167,1495,1
59.618,2006,2565,1
51.098,814,86,1
56.104,3433,652,1
57.745,2219,188,1
53.9,2014,141,1
59.843,2113,1067,1
59.463,1894,1462,1
51.973,696,900,1
59.819,1904,696,1
55.083,2073,686,1
74.908,2474,1287,1
59.857,1943,2520,1
54.568,1951,448,1
54.901,2116,97,1
56.832,2226,266,1
52.561,694,875,1
59.741,2261,2938,1
59.543,1948,455,1
57.207,1984,2046,1
59.298,1956,1908,1
58.698,2131,618,1
56.965,2138,1196,1
59.428,1971,376,1
59.594,2222,1144,1
59.887,2037,1368,1
59.815,2281,3052,1
52.198,680,1482,1
72.072,2428,1808,1
58.444,2047,475,1
59.634,1980,2522,1
49.111,725,155,1
61.712,2098,2420,1
56.966,1714,214,1
56.711,1922,116,1
49.868,681,152,1
59.281,1854,1079,1
55.389,1687,92,1
49.997,780,420,1
59.724,2004,2134,1
62.272,2342,3213,1
80.259,1809,190,1
54.684,2946,1310,1
59.598,1827,1869,1
56.8,3873,522,1
54.687,1807,216,1
59.242,1842,5252,1
49.55,524,114943,1
51.118,745,80,1
54.956,2143,163,1
72.989,1840,1978,1
54.535,1907,154,1
57.569,1825,1008,1
49.452,658,50,1
64.797,2235,236,1
59.633,2201,137,1
57.177,1868,1104,1
62.136,2520,484,1
49.927,717,140,1
49.849,667,78,1
65.87,2282,2662,1
59.739,2247,2369,1
59.864,2194,4797,1
57.912,1885,420,1
63.525,1927,1767,1
60.02,2142,1040,1
60.166,2488,1921,1
59.521,1982,1530,1
58.592,1886,376,1
59.772,2284,2968,1
55.597,2517,987,1
59.835,2115,3013,1
76.774,2248,4218,1
54.93,985,197976,1
49.192,926,234,1
56.402,3137,1755,1
58.184,1937,92,1
53.22,713,665,1
54.183,2977,310,1
58.375,2635,266,1
56.918,2719,1521,1
54.584,2259,327,1
48.827,684,138,1
51.138,719,384,1
59.508,2213,630,1
50.405,755,31,1
54.345,2192,392,1
63.768,2193,232,1
59.981,2177,2560,1
59.959,2065,1050,1
56.224,2212,1248,1
80.547,2145,9344,1
58.095,2067,1164,1
58.198,2229,465,1
55.206,2583,375,1
55.758,2087,291,1
58.388,2077,2928,1
80.088,2533,12480,1
58.19,2182,1222,1
59.825,1724,630,1
51.657,734,416,1
77.766,2181,2160,1
94.798,1841,10858,1
59.45,2030,1034,1
63.897,2306,234,1
59.611,1893,1932,1
48.122,521,133800,1
74.616,2076,1196,1
59.432,2014,214,1
58.601,2053,1470,1
58.426,1871,1260,1
55.683,1887,1044,1
57.491,3065,945,1
50.632,664,3198,1
57.496,2280,672,1
49.546,736,74,1
59.304,2019,2475,1
60.62,1999,900,1
54.791,2095,262,1
55.991,2789,1560,1
74.712,2149,900,1
59.119,2077,3168,1
51.722,814,86,1
73.884,2274,2120,1
49.911,725,264,1
80.204,1981,1232,1
57.868,1985,2002,1
51.081,726,408,1
50.497,681,76,1
59.505,2132,2142,1
63.741,1973,9072,1
80.166,2176,228,1
59.91,2270,1155,1
59.471,2236,2120,1
56.981,2228,73,1
50.76,851,60,1
53.768,1844,415,1
85.458,1911,10863,1
58.807,2358,4200,1
56.288,2768,1548,1
54.957,2200,606,1
53.635,726,107540,1
57.858,2646,960,1
74.679,1907,1118,1
55.974,2502,456,1
63.727,2121,218,1
51.171,699,684,1
65.051,1857,196,1
66.333,2221,4699,1
57.297,1834,828,1
95.537,2905,229,1
66.451,2018,210,1
65.785,2538,268,1
59.764,1969,4173,1
55.275,1872,950,1
56.887,2401,590,1
56.257,1910,125,1
63.244,1894,1350,1
55.831,2345,625,1
56.337,1987,161,1
59.046,2219,2640,1
59.471,2001,2755,1
59.248,1979,1554,1
55.704,2702,2926,1
59.239,2164,52,1
50.309,716,396,1
59.645,2056,2700,1
86.342,1945,2376,1
57.936,2269,776,1
55.416,2616,896,1
74.138,1995,1860,1
60.037,2125,2288,1
59.259,1877,2883,1
57.981,2530,805,1
55.749,1825,1440,1
62.585,1822,3876,1
57.809,2639,3328,1
54.251,2100,186,1
110.614,2275,248,1
69.199,2281,1836,1
59.692,2026,2156,1
57.96,2218,2085,1
49.426,719,33,1
74.513,2209,13694,1
75.551,2125,10184,1
74.931,2049,5206,1
78.867,2185,230,1
50.86,662,1025,1
82.916,2464,2832,1
59.8,2214,2754,1
50.909,748,155,1
61.908,1872,2160,1
59.589,2009,318560,1
55.136,1767,122,1
59.586,1999,3502,1
59.346,2150,4445,1
58.861,2001,728,1
78.227,2047,1980,1
59.104,2083,3745,1
56.882,1902,1020,1
51.283,778,1248,1
88.828,2085,2625,1
58.185,1964,470,1
72.816,1797,960,1
57.93,2226,742,1
63.342,1910,1691,1
58.004,3563,1520,1
57.806,1907,240,1
78.93,2243,360,1
65.591,1963,208,1
60.274,2164,4680,1
52.409,728,78,1
59.8,1980,2626,1
55.634,1857,126,1
50.258,709,52,1
81.328,2248,232,1
57.305,2084,2178,1
55.693,2257,164,1
61.928,3227,7650,1
59.628,2138,2112,1
57.548,2457,165,1
59.53,1785,1980,1
57.497,2138,128,1
76.58,2083,1056,1
59.65,2259,980,1
59.513,1863,1440,1
57.431,1794,1066,1
76.163,2291,3600,1
70.717,1814,492,1
55.764,2588,262,1
55.059,1977,140,1
59.773,2190,2781,1
59.551,2038,2376,1
58.267,3129,1728,1
70.106,2317,8150,1
54.672,2133,218,1
52.212,974,139160,1
90.585,1818,4902,1
57.31,1872,1044,1
51.118,699,925,1
59.618,1882,2425,1
59.634,1926,3420,1
64.728,2100,222,1
81.795,1846,696,1
64.45,2107,218,1
57.788,2118,1188,1
58.244,2410,6160,1
59.535,2208,1560,1
61.238,1966,3626,1
100.393,2549,1110,1
73.877,1888,2910,1
54.719,1736,208,1
59.22,2031,59,1
57.92,1963,1092,1
64.271,2160,222,1
58.461,1976,1080,1
59.463,1857,1890,1
54.828,2874,234,1
55.006,2107,198,1
59.605,2180,1683,1
59.758,1885,4032,1
80.258,2348,246,1
59.869,1765,4256,1
60.031,1966,1513,1
51.149,926,516,1
82.126,3255,336,1
58.733,1921,400,1
58.241,1830,996,1
58.346,1977,1800,1
55.671,1849,106,1
59.675,1914,2944,1
55.434,2624,992,1
52.709,701,684,1
55.786,1837,957,1
59.678,1847,5334,1
59.735,2056,4387,1
56.734,2145,1200,1
68.898,2107,11765,1
55.918,1787,198,1
58.668,2558,3936,1
50.955,715,140,1
58.476,2283,490,1
59.611,2239,2286,1
55.546,2437,157,1
55.726,2376,260,1
51.358,730,396,1
59.807,2261,4836,1
57.76,1977,258,1
57.402,2040,1128,1
78.066,2780,4260,1
59.543,2270,3458,1
59.593,1882,1880,1
54.773,1754,123,1
93.726,1971,8840,1
59.032,2109,2436,1
56.408,2791,456,1
51.191,710,891,1
58.302,2434,3799,1
59.792,2066,2074,1
63.7,1809,2581,1
85.18,2053,3131,1
59.244,1825,267,1
56.836,2725,1512,1
55.154,2160,124,1
59.555,2105,404,1
56.043,2334,37,1
59.842,2187,2825,1
76.287,2097,3348,1
55.347,1909,1890,1
54.964,2094,163,1
59.634,2191,5754,1
56.87,2000,1092,1
58.893,2157,2950,1
79.315,1877,200,1
52.542,943,88,1
76.024,2176,2392,1
64.417,2757,284,1
51.375,773,68,1
89.419,2256,5246,1
86.069,2153,338233,1
55.228,1881,475,1
54.731,2167,714,1
48.539,691,222,1
59.417,1869,765,1
56.866,1899,306,1
59.969,2288,2968,1
59.665,2059,2626,1
59.539,2099,1430,1
63.774,1895,200,1
58.113,2261,525,1
59.369,2205,856,1
59.164,2080,111,1
56.594,1910,1020,1
60.708,1937,2400,1
58.146,1969,990,1
59.4,2278,630,1
77.041,2278,1391,1
52.961,941,774,1
59.953,2229,4720,1
58.455,1900,2813,1
51.936,902,1144,1
56.957,2511,1392,1
56.065,2262,1819,1
58.77,1844,364,1
60.633,2059,2163,1
58.93,1942,2260,1
59.741,2209,582,1
101.805,2094,2424,1
97.264,2087,644,1
60.358,2017,4360,1
59.469,1959,3000,1
52.487,718,1152,1
59.674,1893,2373,1
59.812,1815,2730,1
73.576,2141,2300,1
62.944,2168,1287,1
58.478,2169,476,1
52.92,721,891,1
56.185,2162,380,1
59.645,1820,2800,1
70.005,1905,3638,1
55.407,2118,184,1
74.538,1830,417872,1
59.527,2039,1938,1
56.65,2227,918,1
58.278,2176,3390,1
52.087,709,53,1
51.006,770,1520,1
57.436,2434,342,1
55.938,2100,970,1
58.416,2541,1380,1
59.704,2230,2808,1
74.796,1852,774,1
59.916,1756,2626,1
89.542,1931,1530,1
58.806,2426,1352,1
55.758,2153,372,1
59.891,2202,2862,1
52.949,702,630,1
56.544,699,1296,1
50.853,650,156176,1
59.588,2173,960,1
66.846,3020,3925,1
56.014,1839,352,1
56.572,2289,360,1
55.876,2594,402,1
50.622,710,140,1
57.769,2311,2502,1
50.995,717,70,1
59.653,2186,3180,1
49.81,702,396,1
53.75,520,144963,1
56.425,2097,1470,1
59.83,1947,2484,1
56.854,1927,1536,1
63.472,1824,3876,1
84.605,2049,837,1
59.821,30015,37287,0
63.227,2162,228,1
64.16,3568,378,1
55.074,3053,735,1
56.577,2145,1200,1
49.086,679,266,1
74.518,2106,1235,1
55.668,2062,704,1
58.162,2135,294,1
55.775,2081,2134,1
59.941,2232,1717,1
72.257,2190,5334,1
73.721,1967,498,1
56.282,3286,1848,1
59.343,1787,1176,1
49.226,705,99,1
59.182,2259,515,1
58.966,1863,810,1
54.334,2521,360,1
53.999,2628,640,1
58.579,1831,304,1
51.119,845,645,1
59.858,2176,2346,1
51.623,625,158760,1
55.712,2024,1140,1
75.188,1865,403800,1
59.813,2075,960,1
59.178,2208,816,1
55.45,1877,282,1
58.762,2051,114,1
55.786,2923,368,1
55.217,2256,618,1
49.29,766,432,1
74.042,1929,1209,1
59.713,2211,1248,1
64.281,2122,224,1
58.112,2261,525,1
77.994,1984,1744,1
69.937,2199,4218,1
82.753,2552,1666,1
80.652,2341,246,1
58.076,2145,1212,1
89.389,2155,1717,1
55.431,2712,369,1
59.476,2141,1700,1
84.753,1995,5243,1
59.527,1961,2520,1
54.474,1945,1408,1
56.112,1970,1056,1
57.4,3113,820,1
59.585,2005,616,1
59.5,1755,474,1
67.2,1809,2093,1
50.13,540,79473,1
58.6,2038,425,1
100.516,1960,1751,1
56.542,2065,1157,1
59.926,1829,2275,1
48.558,524,125268,1
57.899,1987,1118,1
49.625,661,176,1
58.376,1860,1044,1
58.022,2802,668,1
50.854,678,38,1
59.494,2030,327,1
57.411,2170,1224,1
60.128,2168,4719,1
59.743,1958,2522,1
56.645,2126,1140,1
58.795,1896,819,1
55.838,1790,1008,1
56.769,2329,476,1
59.837,2210,2825,1
55.755,2333,1080,1
56.502,2463,43,1
65.433,2907,310,1
59.777,2190,530,1
53.354,709,72,1
58.826,2199,728,1
50.187,745,204,1
55.423,2507,642,1
63.694,1812,3290,1
49.437,525,125800,1
55.078,2261,282,1
65.305,2247,238,1
58.506,2485,378,1
57.029,1907,145,1
55.977,2591,468,1
67.828,2168,2507,1
59.671,1915,1144,1
57.129,2898,250,1
87.329,2149,2678,1
77.122,2542,2088,1
55.397,2046,606,1
49.271,721,45,1
85.289,2208,2392,1
59.716,2278,2912,1
59.495,1841,1581,1
51.369,672,1989,1
72.629,1948,4770,1
54.933,1962,161,1
58.134,3087,1668,1
56.143,1848,996,1
55.727,2550,1800,1
58.039,2474,515,1
54.963,2146,540,1
81.275,2274,8758,1
59.708,1836,4428,1
56.069,1953,1080,1
73.916,1921,3968,1
63.459,2101,4512,1
55.009,1846,664,1
58.588,2156,1222,1
50.187,740,62,1
59.359,1766,1274,1
51.137,775,814,1
58.444,2076,1300,1
59.564,2106,3240,1
53.029,555,147183,1
57.906,2217,475,1
57.914,1800,567,1
51.096,700,884,1
85.454,2273,101,1
64.068,2215,234,1
58.763,2167,1515,1
78.069,1821,2250,1
58.215,1897,200,1
59.718,1859,1955,1
57.677,1863,1044,1
55.611,2315,315,1
59.264,2281,3480,1
59.59,2121,285,1
101.356,1883,946,1
60.062,2274,588,1
58.255,2133,1260,1
57.829,1989,122,1
49.161,690,245,1
87.916,2016,3186,1
50.012,674,1102,1
50.279,642,49,1
57.22,2377,1375,1
54.798,2262,1144,1
86.345,2068,1176,1
58.219,2089,2244,1
59.614,2106,1600,1
58.746,2015,115,1
74.158,2112,2016,1
60.131,2401,2882,1
74.248,1904,2070,1
53.778,852,1120,1
56.5,2240,1017,1
56.997,2711,1500,1
54.973,2330,1221,1
56.421,1853,388,1
58.977,2220,1590,1
64.474,1902,2553,1
63.129,2221,4059,1
73.175,2193,1443,1
62.173,1850,1848,1
58.147,1885,510,1
51.826,690,1584,1
50.792,703,1122,1
62.18,2379,1650,1
55.484,2007,97,1
70.812,1846,371693,1
50.878,697,1073,1
54.996,2181,426,1
60.046,2876,2227,1
55.898,2248,376,1
76.628,2312,11078,1
51.409,802,70,1
56.251,2182,736,1
64.011,1855,196,1
59.892,2392,999,1
57.54,2110,1196,1
81.972,2070,2678,1
58.761,2013,765,1
58.402,2267,1260,1
59.784,1885,2418,1
65.785,2259,240,1
88.138,2249,990,1
58.333,2395,1344,1
72.868,2170,5184,1
59.755,2186,2544,1
58.303,1882,1056,1
74.887,2201,2675,1
55.357,2222,428,1
